category,question,cypher,params,ground_truth,expected_answer,expected_entities,required_facts,expected_relations,expected_path,gold_evidence,expected_retrieval_route,source_repo,difficulty,difficulty_level,hop_count,answer_type,template_name,evidence_entities,reference_provenance,id,benchmark_index,pilot_index,question_id,system,answer,selected_retrieval_route,retrieved_evidence,latency_s,error
structure,Which .py files are located under the 'airflow-core/tests/unit/serialization/serializers/' directory in repository apache/airflow?,"MATCH (:Repository {id:$repo})-[:CONTAINS_FILE]->(f:File)
    WHERE f.path STARTS WITH $directory
      AND f.extension = $extension
    RETURN f.path AS answer
    ORDER BY answer
    LIMIT 20","{'repo': 'apache/airflow', 'directory': 'airflow-core/tests/unit/serialization/serializers/', 'extension': '.py'}",['airflow-core/tests/unit/serialization/serializers/__init__.py'],['airflow-core/tests/unit/serialization/serializers/__init__.py'],['airflow-core/tests/unit/serialization/serializers/__init__.py'],['airflow-core/tests/unit/serialization/serializers/__init__.py is contained in repository apache/airflow'],['Repository|CONTAINS_FILE|File'],"['Repository', 'CONTAINS_FILE', 'File']","['Repository:apache/airflow', 'directory:airflow-core/tests/unit/serialization/serializers/', 'answer:airflow-core/tests/unit/serialization/serializers/__init__.py', 'relation:Repository|CONTAINS_FILE|File']",graph,apache/airflow,medium,medium,1,file_list,directory_extension_files,"['Repository', 'File']",neo4j_cypher_ground_truth,structure-032,127,1,structure-032,vector_rag,Insufficient repository evidence.,vector,"[""apache/airflow:file:scripts/cov/core_coverage.py"", ""apache/airflow:file:airflow-core/src/airflow/serialization/serializers/__init__.py"", ""apache/airflow:file:airflow-core/tests/unit/serialization/test_helpers.py"", ""apache/airflow:commit:680b1ca97b00d874fd416b71ef395499e3666424"", ""apache/airflow:issue:39448"", ""apache/airflow:file:github/boring-cyborg.yml"", ""apache/airflow:file:airflow-e2e-tests/.pre-commit-config.yaml"", ""apache/airflow:file:dev/mypy/.pre-commit-config.yaml"", ""apache/airflow:file:task-sdk/tests/task_sdk/serde/test_serde.py"", ""apache/airflow:file:dev/README_RELEASE_PYTHON_CLIENT.md""]",5.209087,
code_retrieval,"Which source file in repository apache/airflow contains the code fragment ""const token = typeof callback === 'function' ? await callback(auth) : callback;""?","MATCH (:Repository {id:$repo})-[:CONTAINS_FILE]->(f:File)
    WHERE f.content CONTAINS $fragment
    RETURN f.path AS answer
    ORDER BY answer
    LIMIT 20","{'repo': 'apache/airflow', 'fragment': ""const token = typeof callback === 'function' ? await callback(auth) : callback;""}",['airflow-core/src/airflow/api_fastapi/auth/managers/simple/ui/openapi-gen/requests/core/auth.gen.ts'],['airflow-core/src/airflow/api_fastapi/auth/managers/simple/ui/openapi-gen/requests/core/auth.gen.ts'],['airflow-core/src/airflow/api_fastapi/auth/managers/simple/ui/openapi-gen/requests/core/auth.gen.ts'],['airflow-core/src/airflow/api_fastapi/auth/managers/simple/ui/openapi-gen/requests/core/auth.gen.ts is the matching file in repository apache/airflow'],['Repository|CONTAINS_FILE|File'],"['Repository', 'CONTAINS_FILE', 'File']","['Repository:apache/airflow', ""fragment:const token = typeof callback === 'function' ? await callback(auth) : callback;"", 'answer:airflow-core/src/airflow/api_fastapi/auth/managers/simple/ui/openapi-gen/requests/core/auth.gen.ts', 'relation:Repository|CONTAINS_FILE|File']",vector,apache/airflow,medium,medium,1,file_path,code_fragment_to_file,"['Repository', 'File']",neo4j_cypher_ground_truth,code_retrieval-026,6,2,code_retrieval-026,vector_rag,Insufficient repository evidence.,vector,"[""apache/airflow:file:airflow-core/src/airflow/hooks/README.md"", ""apache/airflow:file:task-sdk/src/airflow/sdk/_shared/README.md"", ""apache/airflow:issue:66543"", ""apache/airflow:commit:3c07b43bbaa63f198148f47288a5a7d07c395ade"", ""apache/airflow:commit:7bc01919674942e72d85e283f53c43217a812aee"", ""apache/airflow:commit:b5c70edf671060950b885bf7418eb2ff1925daf4"", ""apache/airflow:file:reproducible_build.yaml"", ""apache/airflow:commit:1dc8e744c4f7b059cdfb654aff39d118c9edcde6"", ""apache/airflow:file:airflow-core/src/airflow/callbacks/base_callback_sink.py"", ""apache/airflow:file:airflow-core/src/airflow/_vendor/vendor.md""]",7.485957,
dependency_analysis,Which files were modified by commit apache/airflow:commit:fce0bf3cb2b181d0f826b74500cd94d8e6feabc6 in repository apache/airflow?,"MATCH (c:Commit {id:$commit})-[:COMMITTED_TO]->(:Repository {id:$repo})
    MATCH (c)-[:MODIFIED_FILE]->(f:File)
    RETURN f.path AS answer
    ORDER BY answer
    LIMIT 20","{'repo': 'apache/airflow', 'commit': 'apache/airflow:commit:fce0bf3cb2b181d0f826b74500cd94d8e6feabc6'}",['airflow/operators/python_operator.py'],['airflow/operators/python_operator.py'],['airflow/operators/python_operator.py'],['Commit apache/airflow:commit:fce0bf3cb2b181d0f826b74500cd94d8e6feabc6 modified file airflow/operators/python_operator.py in repository apache/airflow'],"['Commit|COMMITTED_TO|Repository', 'Commit|MODIFIED_FILE|File']","['Commit', 'MODIFIED_FILE', 'File', 'CONTAINS_FILE', 'Repository']","['Repository:apache/airflow', 'commit:apache/airflow:commit:fce0bf3cb2b181d0f826b74500cd94d8e6feabc6', 'answer:airflow/operators/python_operator.py', 'relation:Commit|COMMITTED_TO|Repository', 'relation:Commit|MODIFIED_FILE|File']",graph,apache/airflow,medium,medium,2,file_list,files_modified_by_commit,"['Repository', 'Commit', 'File']",neo4j_cypher_ground_truth,dependency_analysis-002,2,3,dependency_analysis-002,vector_rag,Insufficient repository evidence.,vector,"[""apache/airflow:file:providers/airbyte/docs/.latest-doc-only-change.txt"", ""apache/airflow:commit:3f109ccbdfb640cceed63441c0c1973ee62dc36a"", ""apache/airflow:file:providers/http/docs/.latest-doc-only-change.txt"", ""apache/airflow:file:providers/common/io/docs/.latest-doc-only-change.txt"", ""apache/airflow:file:providers/git/docs/.latest-doc-only-change.txt"", ""apache/airflow:file:providers/ydb/docs/.latest-doc-only-change.txt"", ""apache/airflow:file:providers/salesforce/docs/.latest-doc-only-change.txt"", ""apache/airflow:file:providers/github/docs/.latest-doc-only-change.txt"", ""apache/airflow:file:providers/dingding/docs/.latest-doc-only-change.txt"", ""apache/airflow:file:providers/ftp/docs/.latest-doc-only-change.txt""]",7.45234,
documentation_lookup,"Which documentation file in repository mlflow/mlflow contains the text ""# TODO: Move these into the `docs` dependency group in pyproject.toml""?","MATCH (:Repository {id:$repo})-[:CONTAINS_FILE]->(f:File)
    WHERE f.extension IN ["".md"", "".rst"", "".txt""]
      AND f.content CONTAINS $fragment
    RETURN f.path AS answer
    ORDER BY answer
    LIMIT 20","{'repo': 'mlflow/mlflow', 'fragment': '# TODO: Move these into the `docs` dependency group in pyproject.toml'}",['requirements/torch.txt'],['requirements/torch.txt'],['requirements/torch.txt'],['requirements/torch.txt is the matching file in repository mlflow/mlflow'],['Repository|CONTAINS_FILE|File'],"['Repository', 'CONTAINS_FILE', 'File']","['Repository:mlflow/mlflow', 'fragment:# TODO: Move these into the `docs` dependency group in pyproject.toml', 'answer:requirements/torch.txt', 'relation:Repository|CONTAINS_FILE|File']",vector,mlflow/mlflow,medium,medium,1,documentation_file,documentation_fragment_to_file,"['Repository', 'File']",neo4j_cypher_ground_truth,documentation_lookup-027,4,4,documentation_lookup-027,vector_rag,Insufficient repository evidence.,vector,"[""mlflow/mlflow:file:dev/pypi/pyproject.toml"", ""mlflow/mlflow:commit:49f27223adbf61d62afc040370fe14d4021d9bfe"", ""mlflow/mlflow:file:dev/requirements.txt"", ""mlflow/mlflow:file:dev/flavors/pyproject.toml"", ""mlflow/mlflow:commit:31e37ed12d9397721937cccded0b82ca99688714"", ""mlflow/mlflow:file:dev/clint/pyproject.toml"", ""mlflow/mlflow:commit:c09761e690c1b50446c606c134bc3b220ffed5eb"", ""mlflow/mlflow:file:dev/pyproject.py"", ""mlflow/mlflow:commit:5b84ded8ab02081eb6d17c43dca96813ca44f911"", ""mlflow/mlflow:file:pyproject.release.toml""]",7.584164,
issue_pr_analysis,Which repository contains issue #23909 titled '[DOC-FIX] Authentication REST API shows deprecated endpoints'?,"MATCH (r:Repository)-[:HAS_ISSUE]->(i:Issue)
        WHERE i.number = $issue_number
          AND i.title = $title
        RETURN r.id AS answer
        ORDER BY answer
        LIMIT 20","{'issue_number': 23909, 'title': '[DOC-FIX] Authentication REST API shows deprecated endpoints'}",['mlflow/mlflow'],['mlflow/mlflow'],['mlflow/mlflow'],['Issue #23909 in repository mlflow/mlflow has answer mlflow/mlflow'],['Repository|HAS_ISSUE|Issue'],"['Repository', 'HAS_ISSUE', 'Issue']","['Repository:mlflow/mlflow', 'issue_number:23909', 'title:[DOC-FIX] Authentication REST API shows deprecated endpoints', 'answer:mlflow/mlflow', 'relation:Repository|HAS_ISSUE|Issue']",graph,mlflow/mlflow,medium,medium,1,repository_id,repository_for_issue,"['Repository', 'Issue']",neo4j_cypher_ground_truth,issue_pr_analysis-009,12,5,issue_pr_analysis-009,vector_rag,mlflow/mlflow,vector,"[""mlflow/mlflow:issue:23909"", ""apache/airflow:file:providers/http/docs/changelog.rst"", ""mlflow/mlflow:pr:24350"", ""dotnet/eShop:pr:928"", ""dotnet/eShop:commit:50dd0d4721767e4ea0c35dbd5105d5d5091a3789"", ""dotnet/eShop:commit:4f9173b0edf96b4f425b57587aefb063b41075f6"", ""dotnet/eShop:commit:c6da1b3c4adfcf986c2cdff7f9da80e36831b2a0"", ""mlflow/mlflow:commit:b8e74cfc591397290e1c1ba2600be7daa64b4c05"", ""apache/airflow:file:providers/celery/docs/changelog.rst"", ""apache/airflow:file:providers/dingding/docs/changelog.rst""]",7.554076,
developer_activity,Which commits were authored by developer email:49397448+mereltheisenqb@users.noreply.github.com in repository mlflow/mlflow?,"MATCH (d:Developer {id:$developer})-[:AUTHORED_COMMIT]->(c:Commit)
          -[:COMMITTED_TO]->(:Repository {id:$repo})
    RETURN c.id AS answer
    ORDER BY c.timestamp DESC, c.id
    LIMIT 20","{'developer': 'email:49397448+mereltheisenqb@users.noreply.github.com', 'repo': 'mlflow/mlflow'}",['mlflow/mlflow:commit:9aed0ac470c1f560d03bafaf516302b4ce041b7c'],['mlflow/mlflow:commit:9aed0ac470c1f560d03bafaf516302b4ce041b7c'],['mlflow/mlflow:commit:9aed0ac470c1f560d03bafaf516302b4ce041b7c'],['Developer email:49397448+mereltheisenqb@users.noreply.github.com authored commit mlflow/mlflow:commit:9aed0ac470c1f560d03bafaf516302b4ce041b7c in repository mlflow/mlflow'],"['Developer|AUTHORED_COMMIT|Commit', 'Commit|COMMITTED_TO|Repository']","['Developer', 'AUTHORED_COMMIT', 'Commit', 'COMMITTED_TO', 'Repository']","['Repository:mlflow/mlflow', 'developer:email:49397448+mereltheisenqb@users.noreply.github.com', 'answer:mlflow/mlflow:commit:9aed0ac470c1f560d03bafaf516302b4ce041b7c', 'relation:Developer|AUTHORED_COMMIT|Commit', 'relation:Commit|COMMITTED_TO|Repository']",graph,mlflow/mlflow,medium,medium,2,commit_list,developer_commits_in_repository,"['Developer', 'Commit', 'Repository']",neo4j_cypher_ground_truth,developer_activity-021,1,6,developer_activity-021,vector_rag,Insufficient repository evidence.,vector,"[""mlflow/mlflow:commit:dede502529b0802483e2a715eff9b398e288eefc"", ""mlflow/mlflow:commit:7a69ba64ef269b2a5534e16fe888050a83224ef3"", ""mlflow/mlflow:commit:879d3949761cae82d7bdff9ebe2e5e1ea0ef0053"", ""mlflow/mlflow:commit:06adfca448bc3d24ac221a59572652d1f4f624e7"", ""mlflow/mlflow:commit:888a6d6c324f32a58a996e1d4df634388037c411"", ""mlflow/mlflow:commit:f380ce5148d854ff602c1687f74c320ebf41b403"", ""mlflow/mlflow:commit:9cc4a02067001bac6538a6c3352183e75d5e33b5"", ""mlflow/mlflow:commit:d6f86126468bb98700db68ec14bb6c79740c4915"", ""mlflow/mlflow:commit:c7aabc7979688f288b1357f8c2c7a15180c96d9c"", ""mlflow/mlflow:commit:31e37ed12d9397721937cccded0b82ca99688714""]",7.086455,
multi_hop,Which files in repository spring-projects/spring-petclinic were modified through commits authored by developer email:joaobertholino964@gmail.com?,"MATCH (d:Developer {id:$developer})-[:AUTHORED_COMMIT]->(c:Commit)
          -[:MODIFIED_FILE]->(f:File)
          <-[:CONTAINS_FILE]-(:Repository {id:$repo})
    RETURN DISTINCT f.path AS answer
    ORDER BY answer
    LIMIT 20","{'developer': 'email:joaobertholino964@gmail.com', 'repo': 'spring-projects/spring-petclinic'}",['src/main/resources/messages/messages_pt.properties'],['src/main/resources/messages/messages_pt.properties'],['src/main/resources/messages/messages_pt.properties'],['Developer email:joaobertholino964@gmail.com authored a commit that modified file src/main/resources/messages/messages_pt.properties in repository spring-projects/spring-petclinic'],"['Developer|AUTHORED_COMMIT|Commit', 'Commit|MODIFIED_FILE|File', 'Repository|CONTAINS_FILE|File']","['Developer', 'AUTHORED_COMMIT', 'Commit', 'MODIFIED_FILE', 'File', 'CONTAINS_FILE', 'Repository']","['Repository:spring-projects/spring-petclinic', 'developer:email:joaobertholino964@gmail.com', 'answer:src/main/resources/messages/messages_pt.properties', 'relation:Developer|AUTHORED_COMMIT|Commit', 'relation:Commit|MODIFIED_FILE|File', 'relation:Repository|CONTAINS_FILE|File']",hybrid,spring-projects/spring-petclinic,hard,hard,4,file_list,files_modified_by_developer,"['Developer', 'Commit', 'File', 'Repository']",neo4j_cypher_ground_truth,multi_hop-031,9,7,multi_hop-031,vector_rag,Insufficient repository evidence.,vector,"[""spring-projects/spring-petclinic:pr:2510"", ""spring-projects/spring-petclinic:pr:2449"", ""spring-projects/spring-petclinic:pr:2304"", ""spring-projects/spring-petclinic:pr:2307"", ""spring-projects/spring-petclinic:pr:2487"", ""spring-projects/spring-petclinic:pr:2477"", ""spring-projects/spring-petclinic:pr:2470"", ""spring-projects/spring-petclinic:commit:313121d73c0a459db3c0bf07f382590b4b305d18"", ""spring-projects/spring-petclinic:pr:2334"", ""spring-projects/spring-petclinic:issue:2107""]",7.372588,
