category,question,cypher,params,ground_truth,expected_answer,expected_entities,required_facts,expected_relations,expected_path,gold_evidence,expected_retrieval_route,source_repo,difficulty,difficulty_level,hop_count,answer_type,template_name,evidence_entities,reference_provenance,id,benchmark_index,pilot_index,question_id,run_id,run_key,system,answer,selected_retrieval_route,retrieved_evidence,generated_cypher,latency_s,error
structure,Which .py files are located under the 'airflow-core/tests/unit/serialization/serializers/' directory in repository apache/airflow?,"MATCH (:Repository {id:$repo})-[:CONTAINS_FILE]->(f:File)
    WHERE f.path STARTS WITH $directory
      AND f.extension = $extension
    RETURN f.path AS answer
    ORDER BY answer
    LIMIT 20","{'repo': 'apache/airflow', 'directory': 'airflow-core/tests/unit/serialization/serializers/', 'extension': '.py'}",['airflow-core/tests/unit/serialization/serializers/__init__.py'],['airflow-core/tests/unit/serialization/serializers/__init__.py'],['airflow-core/tests/unit/serialization/serializers/__init__.py'],['airflow-core/tests/unit/serialization/serializers/__init__.py is contained in repository apache/airflow'],['Repository|CONTAINS_FILE|File'],"['Repository', 'CONTAINS_FILE', 'File']","['Repository:apache/airflow', 'directory:airflow-core/tests/unit/serialization/serializers/', 'answer:airflow-core/tests/unit/serialization/serializers/__init__.py', 'relation:Repository|CONTAINS_FILE|File']",graph,apache/airflow,medium,medium,1,file_list,directory_extension_files,"['Repository', 'File']",neo4j_cypher_ground_truth,structure-032,127,1,structure-032,1,structure-032,llamaindex_graphrag,airflow-core/tests/unit/serialization/serializers/__init__.py,graph,"[{""answer"": ""airflow-core/tests/unit/serialization/serializers/__init__.py""}]","MATCH (r:Repository {id: 'apache/airflow'})-[:CONTAINS_FILE]->(f:File)
WHERE f.path STARTS WITH 'airflow-core/tests/unit/serialization/serializers/' AND f.extension = '.py'
RETURN f.path AS answer",8.459099,
code_retrieval,"Which source file in repository apache/airflow contains the code fragment ""const token = typeof callback === 'function' ? await callback(auth) : callback;""?","MATCH (:Repository {id:$repo})-[:CONTAINS_FILE]->(f:File)
    WHERE f.content CONTAINS $fragment
    RETURN f.path AS answer
    ORDER BY answer
    LIMIT 20","{'repo': 'apache/airflow', 'fragment': ""const token = typeof callback === 'function' ? await callback(auth) : callback;""}",['airflow-core/src/airflow/api_fastapi/auth/managers/simple/ui/openapi-gen/requests/core/auth.gen.ts'],['airflow-core/src/airflow/api_fastapi/auth/managers/simple/ui/openapi-gen/requests/core/auth.gen.ts'],['airflow-core/src/airflow/api_fastapi/auth/managers/simple/ui/openapi-gen/requests/core/auth.gen.ts'],['airflow-core/src/airflow/api_fastapi/auth/managers/simple/ui/openapi-gen/requests/core/auth.gen.ts is the matching file in repository apache/airflow'],['Repository|CONTAINS_FILE|File'],"['Repository', 'CONTAINS_FILE', 'File']","['Repository:apache/airflow', ""fragment:const token = typeof callback === 'function' ? await callback(auth) : callback;"", 'answer:airflow-core/src/airflow/api_fastapi/auth/managers/simple/ui/openapi-gen/requests/core/auth.gen.ts', 'relation:Repository|CONTAINS_FILE|File']",vector,apache/airflow,medium,medium,1,file_path,code_fragment_to_file,"['Repository', 'File']",neo4j_cypher_ground_truth,code_retrieval-026,6,2,code_retrieval-026,1,code_retrieval-026,llamaindex_graphrag,airflow-core/src/airflow/api_fastapi/auth/managers/simple/ui/openapi-gen/requests/core/auth.gen.ts,graph,"[{""answer"": ""airflow-core/src/airflow/api_fastapi/auth/managers/simple/ui/openapi-gen/requests/core/auth.gen.ts""}]","MATCH (r:Repository {id: 'apache/airflow'})-[:CONTAINS_FILE]->(f:File)
WHERE f.content CONTAINS ""const token = typeof callback === 'function' ? await callback(auth) : callback;""
RETURN f.path AS answer",14.589703,
dependency_analysis,Which files were modified by commit apache/airflow:commit:fce0bf3cb2b181d0f826b74500cd94d8e6feabc6 in repository apache/airflow?,"MATCH (c:Commit {id:$commit})-[:COMMITTED_TO]->(:Repository {id:$repo})
    MATCH (c)-[:MODIFIED_FILE]->(f:File)
    RETURN f.path AS answer
    ORDER BY answer
    LIMIT 20","{'repo': 'apache/airflow', 'commit': 'apache/airflow:commit:fce0bf3cb2b181d0f826b74500cd94d8e6feabc6'}",['airflow/operators/python_operator.py'],['airflow/operators/python_operator.py'],['airflow/operators/python_operator.py'],['Commit apache/airflow:commit:fce0bf3cb2b181d0f826b74500cd94d8e6feabc6 modified file airflow/operators/python_operator.py in repository apache/airflow'],"['Commit|COMMITTED_TO|Repository', 'Commit|MODIFIED_FILE|File']","['Commit', 'MODIFIED_FILE', 'File', 'CONTAINS_FILE', 'Repository']","['Repository:apache/airflow', 'commit:apache/airflow:commit:fce0bf3cb2b181d0f826b74500cd94d8e6feabc6', 'answer:airflow/operators/python_operator.py', 'relation:Commit|COMMITTED_TO|Repository', 'relation:Commit|MODIFIED_FILE|File']",graph,apache/airflow,medium,medium,2,file_list,files_modified_by_commit,"['Repository', 'Commit', 'File']",neo4j_cypher_ground_truth,dependency_analysis-002,2,3,dependency_analysis-002,1,dependency_analysis-002,llamaindex_graphrag,airflow/operators/python_operator.py,graph,"[{""answer"": ""airflow/operators/python_operator.py""}]","MATCH (c:Commit {id: ""apache/airflow:commit:fce0bf3cb2b181d0f826b74500cd94d8e6feabc6"", repo: ""apache/airflow""})-[:MODIFIED_FILE]->(f:File)
RETURN f.path AS answer",14.616107,
documentation_lookup,"Which documentation file in repository mlflow/mlflow contains the text ""# TODO: Move these into the `docs` dependency group in pyproject.toml""?","MATCH (:Repository {id:$repo})-[:CONTAINS_FILE]->(f:File)
    WHERE f.extension IN ["".md"", "".rst"", "".txt""]
      AND f.content CONTAINS $fragment
    RETURN f.path AS answer
    ORDER BY answer
    LIMIT 20","{'repo': 'mlflow/mlflow', 'fragment': '# TODO: Move these into the `docs` dependency group in pyproject.toml'}",['requirements/torch.txt'],['requirements/torch.txt'],['requirements/torch.txt'],['requirements/torch.txt is the matching file in repository mlflow/mlflow'],['Repository|CONTAINS_FILE|File'],"['Repository', 'CONTAINS_FILE', 'File']","['Repository:mlflow/mlflow', 'fragment:# TODO: Move these into the `docs` dependency group in pyproject.toml', 'answer:requirements/torch.txt', 'relation:Repository|CONTAINS_FILE|File']",vector,mlflow/mlflow,medium,medium,1,documentation_file,documentation_fragment_to_file,"['Repository', 'File']",neo4j_cypher_ground_truth,documentation_lookup-027,4,4,documentation_lookup-027,1,documentation_lookup-027,llamaindex_graphrag,requirements/torch.txt,graph,"[{""answer"": ""requirements/torch.txt""}]","MATCH (r:Repository {id: ""mlflow/mlflow""})-[:CONTAINS_FILE]->(f:File)
WHERE f.content CONTAINS ""# TODO: Move these into the `docs` dependency group in pyproject.toml""
RETURN f.path AS answer",14.499506,
issue_pr_analysis,Which repository contains issue #23909 titled '[DOC-FIX] Authentication REST API shows deprecated endpoints'?,"MATCH (r:Repository)-[:HAS_ISSUE]->(i:Issue)
        WHERE i.number = $issue_number
          AND i.title = $title
        RETURN r.id AS answer
        ORDER BY answer
        LIMIT 20","{'issue_number': 23909, 'title': '[DOC-FIX] Authentication REST API shows deprecated endpoints'}",['mlflow/mlflow'],['mlflow/mlflow'],['mlflow/mlflow'],['Issue #23909 in repository mlflow/mlflow has answer mlflow/mlflow'],['Repository|HAS_ISSUE|Issue'],"['Repository', 'HAS_ISSUE', 'Issue']","['Repository:mlflow/mlflow', 'issue_number:23909', 'title:[DOC-FIX] Authentication REST API shows deprecated endpoints', 'answer:mlflow/mlflow', 'relation:Repository|HAS_ISSUE|Issue']",graph,mlflow/mlflow,medium,medium,1,repository_id,repository_for_issue,"['Repository', 'Issue']",neo4j_cypher_ground_truth,issue_pr_analysis-009,12,5,issue_pr_analysis-009,1,issue_pr_analysis-009,llamaindex_graphrag,mlflow/mlflow,graph,"[{""answer"": ""mlflow/mlflow""}]","MATCH (r:Repository)-[:HAS_ISSUE]->(i:Issue)
WHERE i.number = 23909 AND i.title = '[DOC-FIX] Authentication REST API shows deprecated endpoints'
RETURN r.id AS answer",14.947797,
developer_activity,Which commits were authored by developer email:49397448+mereltheisenqb@users.noreply.github.com in repository mlflow/mlflow?,"MATCH (d:Developer {id:$developer})-[:AUTHORED_COMMIT]->(c:Commit)
          -[:COMMITTED_TO]->(:Repository {id:$repo})
    RETURN c.id AS answer
    ORDER BY c.timestamp DESC, c.id
    LIMIT 20","{'developer': 'email:49397448+mereltheisenqb@users.noreply.github.com', 'repo': 'mlflow/mlflow'}",['mlflow/mlflow:commit:9aed0ac470c1f560d03bafaf516302b4ce041b7c'],['mlflow/mlflow:commit:9aed0ac470c1f560d03bafaf516302b4ce041b7c'],['mlflow/mlflow:commit:9aed0ac470c1f560d03bafaf516302b4ce041b7c'],['Developer email:49397448+mereltheisenqb@users.noreply.github.com authored commit mlflow/mlflow:commit:9aed0ac470c1f560d03bafaf516302b4ce041b7c in repository mlflow/mlflow'],"['Developer|AUTHORED_COMMIT|Commit', 'Commit|COMMITTED_TO|Repository']","['Developer', 'AUTHORED_COMMIT', 'Commit', 'COMMITTED_TO', 'Repository']","['Repository:mlflow/mlflow', 'developer:email:49397448+mereltheisenqb@users.noreply.github.com', 'answer:mlflow/mlflow:commit:9aed0ac470c1f560d03bafaf516302b4ce041b7c', 'relation:Developer|AUTHORED_COMMIT|Commit', 'relation:Commit|COMMITTED_TO|Repository']",graph,mlflow/mlflow,medium,medium,2,commit_list,developer_commits_in_repository,"['Developer', 'Commit', 'Repository']",neo4j_cypher_ground_truth,developer_activity-021,1,6,developer_activity-021,1,developer_activity-021,llamaindex_graphrag,mlflow/mlflow:commit:9aed0ac470c1f560d03bafaf516302b4ce041b7c,graph,"[{""answer"": {""repo"": ""mlflow/mlflow"", ""id"": ""mlflow/mlflow:commit:9aed0ac470c1f560d03bafaf516302b4ce041b7c"", ""message"": ""Expose deletes in higher level python api (#1396)\n\n## What changes are proposed in this pull request?\n\nExpose the `delete_experiment` and `delete_run` methods in the higher level `mlflow` Python API.\n\n## How is this patch tested?\n\nNo new functionality added.\n\n## Release Notes\n\n### Is this a user-facing change?\n\n- [ ] No. You can skip the rest of this section.\n- [X] Yes. Give a description of this change to be included in the release notes for MLflow users.\n\nThe `delete_experiment` and `delete_run` methods can be called from the higher level `mlflow` Python API.\n\n### What component(s) does this PR affect?\n\n- [ ] UI\n- [ ] CLI\n- [X] API\n- [ ] REST-API\n- [ ] Examples\n- [X] Docs\n- [ ] Tracking\n- [ ] Projects\n- [ ] Artifacts\n- [ ] Models\n- [ ] Scoring\n- [ ] Serving\n- [ ] R\n- [ ] Java\n- [X] Python\n\n### How should the PR be classified in the release notes? Choose one:\n\n- [ ] `rn/breaking-change` - The PR will be mentioned in the \""Breaking Changes\"" section\n- [ ] `rn/none` - No description will be included. The PR will be mentioned only by the PR number in the \""Small Bugfixes and Documentation Updates\"" section\n- [X] `rn/feature` - A new user-facing feature worth mentioning in the release notes\n- [ ] `rn/bug-fix` - A user-facing bug fix worth mentioning in the release notes\n- [ ] `rn/documentation` - A user-facing documentation change worth mentioning in the release notes"", ""sha"": ""9aed0ac470c1f560d03bafaf516302b4ce041b7c"", ""timestamp"": ""2019-09-05T19:13:13+03:00""}}]","MATCH (d:Developer {email: '49397448+mereltheisenqb@users.noreply.github.com'})-[:AUTHORED_COMMIT]->(c:Commit)-[:COMMITTED_TO]->(r:Repository {id: 'mlflow/mlflow'})
RETURN c AS answer",14.489119,
multi_hop,Which files in repository spring-projects/spring-petclinic were modified through commits authored by developer email:joaobertholino964@gmail.com?,"MATCH (d:Developer {id:$developer})-[:AUTHORED_COMMIT]->(c:Commit)
          -[:MODIFIED_FILE]->(f:File)
          <-[:CONTAINS_FILE]-(:Repository {id:$repo})
    RETURN DISTINCT f.path AS answer
    ORDER BY answer
    LIMIT 20","{'developer': 'email:joaobertholino964@gmail.com', 'repo': 'spring-projects/spring-petclinic'}",['src/main/resources/messages/messages_pt.properties'],['src/main/resources/messages/messages_pt.properties'],['src/main/resources/messages/messages_pt.properties'],['Developer email:joaobertholino964@gmail.com authored a commit that modified file src/main/resources/messages/messages_pt.properties in repository spring-projects/spring-petclinic'],"['Developer|AUTHORED_COMMIT|Commit', 'Commit|MODIFIED_FILE|File', 'Repository|CONTAINS_FILE|File']","['Developer', 'AUTHORED_COMMIT', 'Commit', 'MODIFIED_FILE', 'File', 'CONTAINS_FILE', 'Repository']","['Repository:spring-projects/spring-petclinic', 'developer:email:joaobertholino964@gmail.com', 'answer:src/main/resources/messages/messages_pt.properties', 'relation:Developer|AUTHORED_COMMIT|Commit', 'relation:Commit|MODIFIED_FILE|File', 'relation:Repository|CONTAINS_FILE|File']",hybrid,spring-projects/spring-petclinic,hard,hard,4,file_list,files_modified_by_developer,"['Developer', 'Commit', 'File', 'Repository']",neo4j_cypher_ground_truth,multi_hop-031,9,7,multi_hop-031,1,multi_hop-031,llamaindex_graphrag,src/main/resources/messages/messages_pt.properties,graph,"[{""answer"": ""src/main/resources/messages/messages_pt.properties""}]","MATCH (r:Repository {id: 'spring-projects/spring-petclinic'})-[:CONTAINS_FILE]->(f:File)<-[:MODIFIED_FILE]-(c:Commit)<-[:AUTHORED_COMMIT]-(d:Developer {email: 'joaobertholino964@gmail.com'})
RETURN f.path AS answer",14.162829,
