category,question,cypher,params,ground_truth,expected_answer,expected_entities,required_facts,expected_relations,expected_path,gold_evidence,expected_retrieval_route,source_repo,difficulty,difficulty_level,hop_count,answer_type,template_name,evidence_entities,reference_provenance,id,benchmark_index,pilot_index,question_id,system,answer,answer_generation_mode,selected_retrieval_route,actual_evidence_sources,router_intent,router_confidence,router_preferred_route,router_strict_validation,router_hops,matched_template,template_coverage_hit,fallback_used,fallback_rungs_tried,graph_attempts,retrieved_evidence,predicted_relations,predicted_path,generated_cypher,generated_cypher_params,graph_query_results,vector_retrieval_count,graph_retrieval_count,reranked_evidence_count,retrieval_errors,ablation_config,latency_s,error
structure,Which .py files are located under the 'airflow-core/tests/unit/serialization/serializers/' directory in repository apache/airflow?,"MATCH (:Repository {id:$repo})-[:CONTAINS_FILE]->(f:File)
    WHERE f.path STARTS WITH $directory
      AND f.extension = $extension
    RETURN f.path AS answer
    ORDER BY answer
    LIMIT 20","{'repo': 'apache/airflow', 'directory': 'airflow-core/tests/unit/serialization/serializers/', 'extension': '.py'}",['airflow-core/tests/unit/serialization/serializers/__init__.py'],['airflow-core/tests/unit/serialization/serializers/__init__.py'],['airflow-core/tests/unit/serialization/serializers/__init__.py'],['airflow-core/tests/unit/serialization/serializers/__init__.py is contained in repository apache/airflow'],['Repository|CONTAINS_FILE|File'],"['Repository', 'CONTAINS_FILE', 'File']","['Repository:apache/airflow', 'directory:airflow-core/tests/unit/serialization/serializers/', 'answer:airflow-core/tests/unit/serialization/serializers/__init__.py', 'relation:Repository|CONTAINS_FILE|File']",graph,apache/airflow,medium,medium,1,file_list,directory_extension_files,"['Repository', 'File']",neo4j_cypher_ground_truth,structure-032,127,1,structure-032,adaptive_hybrid_graphrag,airflow-core/tests/unit/serialization/serializers/__init__.py,deterministic_graph,graph,"[""graph""]",directory_extension_files,0.95,graph,False,1,directory_extension_files,True,False,"[""registered_template""]","[{""rung"": ""registered_template"", ""template_name"": ""directory_extension_files"", ""valid"": true, ""problems"": [], ""row_count"": 1}]","[""graph:airflow-core/tests/unit/serialization/serializers/__init__.py""]","[""Repository|CONTAINS_FILE|File""]","[""Repository"", ""CONTAINS_FILE"", ""File""]","MATCH (:Repository {id:$repo})-[:CONTAINS_FILE]->(f:File)
        WHERE f.path STARTS WITH $directory AND f.extension = $extension
        RETURN f.path AS answer ORDER BY answer LIMIT 100","{""repo"": ""apache/airflow"", ""directory"": ""airflow-core/tests/unit/serialization/serializers/"", ""extension"": "".py""}","[{""answer"": ""airflow-core/tests/unit/serialization/serializers/__init__.py""}]",0,1,1,[],"{""no_vector"": false, ""no_graph"": false, ""no_routing"": false, ""no_templates"": false, ""no_fallback"": false, ""no_validation"": false, ""fixed_hops"": null, ""fusion_weights"": null}",0.469417,
code_retrieval,"Which source file in repository apache/airflow contains the code fragment ""const token = typeof callback === 'function' ? await callback(auth) : callback;""?","MATCH (:Repository {id:$repo})-[:CONTAINS_FILE]->(f:File)
    WHERE f.content CONTAINS $fragment
    RETURN f.path AS answer
    ORDER BY answer
    LIMIT 20","{'repo': 'apache/airflow', 'fragment': ""const token = typeof callback === 'function' ? await callback(auth) : callback;""}",['airflow-core/src/airflow/api_fastapi/auth/managers/simple/ui/openapi-gen/requests/core/auth.gen.ts'],['airflow-core/src/airflow/api_fastapi/auth/managers/simple/ui/openapi-gen/requests/core/auth.gen.ts'],['airflow-core/src/airflow/api_fastapi/auth/managers/simple/ui/openapi-gen/requests/core/auth.gen.ts'],['airflow-core/src/airflow/api_fastapi/auth/managers/simple/ui/openapi-gen/requests/core/auth.gen.ts is the matching file in repository apache/airflow'],['Repository|CONTAINS_FILE|File'],"['Repository', 'CONTAINS_FILE', 'File']","['Repository:apache/airflow', ""fragment:const token = typeof callback === 'function' ? await callback(auth) : callback;"", 'answer:airflow-core/src/airflow/api_fastapi/auth/managers/simple/ui/openapi-gen/requests/core/auth.gen.ts', 'relation:Repository|CONTAINS_FILE|File']",vector,apache/airflow,medium,medium,1,file_path,code_fragment_to_file,"['Repository', 'File']",neo4j_cypher_ground_truth,code_retrieval-026,6,2,code_retrieval-026,adaptive_hybrid_graphrag,airflow-core/src/airflow/api_fastapi/auth/managers/simple/ui/openapi-gen/requests/core/auth.gen.ts,deterministic_graph,hybrid,"[""graph"", ""vector""]",code_fragment_to_file,0.95,hybrid,False,1,code_fragment_to_file,True,False,"[""registered_template"", ""vector""]","[{""rung"": ""registered_template"", ""template_name"": ""code_fragment_to_file"", ""valid"": true, ""problems"": [], ""row_count"": 1}]","[""graph:airflow-core/src/airflow/api_fastapi/auth/managers/simple/ui/openapi-gen/requests/core/auth.gen.ts"", ""vector:apache/airflow:file:airflow-core/src/airflow/hooks/README.md"", ""vector:apache/airflow:file:airflow-core/src/airflow/callbacks/base_callback_sink.py"", ""vector:apache/airflow:file:task-sdk/src/airflow/sdk/_shared/README.md"", ""vector:apache/airflow:issue:66543"", ""vector:apache/airflow:file:reproducible_build.yaml"", ""vector:apache/airflow:commit:1dc8e744c4f7b059cdfb654aff39d118c9edcde6"", ""vector:apache/airflow:file:airflow-core/src/airflow/_vendor/vendor.md"", ""vector:apache/airflow:commit:3c07b43bbaa63f198148f47288a5a7d07c395ade"", ""vector:apache/airflow:commit:7bc01919674942e72d85e283f53c43217a812aee"", ""vector:apache/airflow:commit:b5c70edf671060950b885bf7418eb2ff1925daf4""]","[""Repository|CONTAINS_FILE|File""]","[""Repository"", ""CONTAINS_FILE"", ""File""]","MATCH (:Repository {id:$repo})-[:CONTAINS_FILE]->(f:File)
        WHERE f.content CONTAINS $fragment 
        RETURN f.path AS answer ORDER BY answer LIMIT 100","{""repo"": ""apache/airflow"", ""fragment"": ""const token = typeof callback === 'function' ? await callback(auth) : callback;""}","[{""answer"": ""airflow-core/src/airflow/api_fastapi/auth/managers/simple/ui/openapi-gen/requests/core/auth.gen.ts""}]",10,1,11,[],"{""no_vector"": false, ""no_graph"": false, ""no_routing"": false, ""no_templates"": false, ""no_fallback"": false, ""no_validation"": false, ""fixed_hops"": null, ""fusion_weights"": null}",1.446612,
dependency_analysis,Which files were modified by commit apache/airflow:commit:fce0bf3cb2b181d0f826b74500cd94d8e6feabc6 in repository apache/airflow?,"MATCH (c:Commit {id:$commit})-[:COMMITTED_TO]->(:Repository {id:$repo})
    MATCH (c)-[:MODIFIED_FILE]->(f:File)
    RETURN f.path AS answer
    ORDER BY answer
    LIMIT 20","{'repo': 'apache/airflow', 'commit': 'apache/airflow:commit:fce0bf3cb2b181d0f826b74500cd94d8e6feabc6'}",['airflow/operators/python_operator.py'],['airflow/operators/python_operator.py'],['airflow/operators/python_operator.py'],['Commit apache/airflow:commit:fce0bf3cb2b181d0f826b74500cd94d8e6feabc6 modified file airflow/operators/python_operator.py in repository apache/airflow'],"['Commit|COMMITTED_TO|Repository', 'Commit|MODIFIED_FILE|File']","['Commit', 'MODIFIED_FILE', 'File', 'CONTAINS_FILE', 'Repository']","['Repository:apache/airflow', 'commit:apache/airflow:commit:fce0bf3cb2b181d0f826b74500cd94d8e6feabc6', 'answer:airflow/operators/python_operator.py', 'relation:Commit|COMMITTED_TO|Repository', 'relation:Commit|MODIFIED_FILE|File']",graph,apache/airflow,medium,medium,2,file_list,files_modified_by_commit,"['Repository', 'Commit', 'File']",neo4j_cypher_ground_truth,dependency_analysis-002,2,3,dependency_analysis-002,adaptive_hybrid_graphrag,airflow/operators/python_operator.py,deterministic_graph,graph,"[""graph""]",files_modified_by_commit,0.95,graph,False,1,files_modified_by_commit,True,False,"[""registered_template""]","[{""rung"": ""registered_template"", ""template_name"": ""files_modified_by_commit"", ""valid"": true, ""problems"": [], ""row_count"": 1}]","[""graph:airflow/operators/python_operator.py""]","[""Commit|COMMITTED_TO|Repository"", ""Commit|MODIFIED_FILE|File""]","[""Commit"", ""MODIFIED_FILE"", ""File""]","MATCH (c:Commit {id:$commit})-[:COMMITTED_TO]->(:Repository {id:$repo})
        MATCH (c)-[:MODIFIED_FILE]->(f:File)
        RETURN DISTINCT f.path AS answer ORDER BY answer LIMIT 100","{""repo"": ""apache/airflow"", ""commit"": ""apache/airflow:commit:fce0bf3cb2b181d0f826b74500cd94d8e6feabc6""}","[{""answer"": ""airflow/operators/python_operator.py""}]",0,1,1,[],"{""no_vector"": false, ""no_graph"": false, ""no_routing"": false, ""no_templates"": false, ""no_fallback"": false, ""no_validation"": false, ""fixed_hops"": null, ""fusion_weights"": null}",0.261987,
documentation_lookup,"Which documentation file in repository mlflow/mlflow contains the text ""# TODO: Move these into the `docs` dependency group in pyproject.toml""?","MATCH (:Repository {id:$repo})-[:CONTAINS_FILE]->(f:File)
    WHERE f.extension IN ["".md"", "".rst"", "".txt""]
      AND f.content CONTAINS $fragment
    RETURN f.path AS answer
    ORDER BY answer
    LIMIT 20","{'repo': 'mlflow/mlflow', 'fragment': '# TODO: Move these into the `docs` dependency group in pyproject.toml'}",['requirements/torch.txt'],['requirements/torch.txt'],['requirements/torch.txt'],['requirements/torch.txt is the matching file in repository mlflow/mlflow'],['Repository|CONTAINS_FILE|File'],"['Repository', 'CONTAINS_FILE', 'File']","['Repository:mlflow/mlflow', 'fragment:# TODO: Move these into the `docs` dependency group in pyproject.toml', 'answer:requirements/torch.txt', 'relation:Repository|CONTAINS_FILE|File']",vector,mlflow/mlflow,medium,medium,1,documentation_file,documentation_fragment_to_file,"['Repository', 'File']",neo4j_cypher_ground_truth,documentation_lookup-027,4,4,documentation_lookup-027,adaptive_hybrid_graphrag,requirements/torch.txt,deterministic_graph,hybrid,"[""graph"", ""vector""]",documentation_fragment_to_file,0.95,hybrid,False,1,documentation_fragment_to_file,True,False,"[""registered_template"", ""vector""]","[{""rung"": ""registered_template"", ""template_name"": ""documentation_fragment_to_file"", ""valid"": true, ""problems"": [], ""row_count"": 1}]","[""graph:requirements/torch.txt"", ""vector:mlflow/mlflow:file:dev/pyproject.py"", ""vector:mlflow/mlflow:commit:49f27223adbf61d62afc040370fe14d4021d9bfe"", ""vector:mlflow/mlflow:file:pyproject.release.toml"", ""vector:mlflow/mlflow:file:dev/pypi/pyproject.toml"", ""vector:mlflow/mlflow:file:dev/requirements.txt"", ""vector:mlflow/mlflow:file:dev/flavors/pyproject.toml"", ""vector:mlflow/mlflow:commit:31e37ed12d9397721937cccded0b82ca99688714"", ""vector:mlflow/mlflow:file:dev/clint/pyproject.toml"", ""vector:mlflow/mlflow:commit:c09761e690c1b50446c606c134bc3b220ffed5eb"", ""vector:mlflow/mlflow:commit:5b84ded8ab02081eb6d17c43dca96813ca44f911""]","[""Repository|CONTAINS_FILE|File""]","[""Repository"", ""CONTAINS_FILE"", ""File""]","MATCH (:Repository {id:$repo})-[:CONTAINS_FILE]->(f:File)
        WHERE f.content CONTAINS $fragment AND f.extension IN ["".md"", "".rst"", "".txt""]
        RETURN f.path AS answer ORDER BY answer LIMIT 100","{""repo"": ""mlflow/mlflow"", ""fragment"": ""# TODO: Move these into the `docs` dependency group in pyproject.toml""}","[{""answer"": ""requirements/torch.txt""}]",10,1,11,[],"{""no_vector"": false, ""no_graph"": false, ""no_routing"": false, ""no_templates"": false, ""no_fallback"": false, ""no_validation"": false, ""fixed_hops"": null, ""fusion_weights"": null}",0.234693,
issue_pr_analysis,Which repository contains issue #23909 titled '[DOC-FIX] Authentication REST API shows deprecated endpoints'?,"MATCH (r:Repository)-[:HAS_ISSUE]->(i:Issue)
        WHERE i.number = $issue_number
          AND i.title = $title
        RETURN r.id AS answer
        ORDER BY answer
        LIMIT 20","{'issue_number': 23909, 'title': '[DOC-FIX] Authentication REST API shows deprecated endpoints'}",['mlflow/mlflow'],['mlflow/mlflow'],['mlflow/mlflow'],['Issue #23909 in repository mlflow/mlflow has answer mlflow/mlflow'],['Repository|HAS_ISSUE|Issue'],"['Repository', 'HAS_ISSUE', 'Issue']","['Repository:mlflow/mlflow', 'issue_number:23909', 'title:[DOC-FIX] Authentication REST API shows deprecated endpoints', 'answer:mlflow/mlflow', 'relation:Repository|HAS_ISSUE|Issue']",graph,mlflow/mlflow,medium,medium,1,repository_id,repository_for_issue,"['Repository', 'Issue']",neo4j_cypher_ground_truth,issue_pr_analysis-009,12,5,issue_pr_analysis-009,adaptive_hybrid_graphrag,mlflow/mlflow,deterministic_graph,graph,"[""graph""]",repository_for_issue,0.95,graph,False,1,repository_for_issue,True,False,"[""registered_template""]","[{""rung"": ""registered_template"", ""template_name"": ""repository_for_issue"", ""valid"": true, ""problems"": [], ""row_count"": 1}]","[""graph:mlflow/mlflow""]","[""Repository|HAS_ISSUE|Issue""]","[""Repository"", ""HAS_ISSUE"", ""Issue""]","MATCH (r:Repository)-[:HAS_ISSUE]->(i:Issue)
        WHERE i.number = $issue_number AND i.title = $title
        RETURN r.id AS answer ORDER BY answer LIMIT 100","{""issue_number"": 23909, ""title"": ""[DOC-FIX] Authentication REST API shows deprecated endpoints""}","[{""answer"": ""mlflow/mlflow""}]",0,1,1,[],"{""no_vector"": false, ""no_graph"": false, ""no_routing"": false, ""no_templates"": false, ""no_fallback"": false, ""no_validation"": false, ""fixed_hops"": null, ""fusion_weights"": null}",0.149814,
developer_activity,Which commits were authored by developer email:49397448+mereltheisenqb@users.noreply.github.com in repository mlflow/mlflow?,"MATCH (d:Developer {id:$developer})-[:AUTHORED_COMMIT]->(c:Commit)
          -[:COMMITTED_TO]->(:Repository {id:$repo})
    RETURN c.id AS answer
    ORDER BY c.timestamp DESC, c.id
    LIMIT 20","{'developer': 'email:49397448+mereltheisenqb@users.noreply.github.com', 'repo': 'mlflow/mlflow'}",['mlflow/mlflow:commit:9aed0ac470c1f560d03bafaf516302b4ce041b7c'],['mlflow/mlflow:commit:9aed0ac470c1f560d03bafaf516302b4ce041b7c'],['mlflow/mlflow:commit:9aed0ac470c1f560d03bafaf516302b4ce041b7c'],['Developer email:49397448+mereltheisenqb@users.noreply.github.com authored commit mlflow/mlflow:commit:9aed0ac470c1f560d03bafaf516302b4ce041b7c in repository mlflow/mlflow'],"['Developer|AUTHORED_COMMIT|Commit', 'Commit|COMMITTED_TO|Repository']","['Developer', 'AUTHORED_COMMIT', 'Commit', 'COMMITTED_TO', 'Repository']","['Repository:mlflow/mlflow', 'developer:email:49397448+mereltheisenqb@users.noreply.github.com', 'answer:mlflow/mlflow:commit:9aed0ac470c1f560d03bafaf516302b4ce041b7c', 'relation:Developer|AUTHORED_COMMIT|Commit', 'relation:Commit|COMMITTED_TO|Repository']",graph,mlflow/mlflow,medium,medium,2,commit_list,developer_commits_in_repository,"['Developer', 'Commit', 'Repository']",neo4j_cypher_ground_truth,developer_activity-021,1,6,developer_activity-021,adaptive_hybrid_graphrag,mlflow/mlflow:commit:9aed0ac470c1f560d03bafaf516302b4ce041b7c,deterministic_graph,graph,"[""graph""]",developer_commits_in_repository,0.95,graph,False,2,developer_commits_in_repository,True,False,"[""registered_template""]","[{""rung"": ""registered_template"", ""template_name"": ""developer_commits_in_repository"", ""valid"": true, ""problems"": [], ""row_count"": 1}]","[""graph:mlflow/mlflow:commit:9aed0ac470c1f560d03bafaf516302b4ce041b7c""]","[""Developer|AUTHORED_COMMIT|Commit"", ""Commit|COMMITTED_TO|Repository""]","[""Developer"", ""AUTHORED_COMMIT"", ""Commit"", ""COMMITTED_TO"", ""Repository""]","MATCH (d:Developer {id:$developer})-[:AUTHORED_COMMIT]->(c:Commit)-[:COMMITTED_TO]->(:Repository {id:$repo})
        RETURN DISTINCT c.id AS answer, c.timestamp AS commit_timestamp
        ORDER BY commit_timestamp DESC, answer LIMIT 100","{""repo"": ""mlflow/mlflow"", ""developer"": ""email:49397448+mereltheisenqb@users.noreply.github.com""}","[{""answer"": ""mlflow/mlflow:commit:9aed0ac470c1f560d03bafaf516302b4ce041b7c"", ""commit_timestamp"": ""2019-09-05T19:13:13+03:00""}]",0,1,1,[],"{""no_vector"": false, ""no_graph"": false, ""no_routing"": false, ""no_templates"": false, ""no_fallback"": false, ""no_validation"": false, ""fixed_hops"": null, ""fusion_weights"": null}",0.181704,
multi_hop,Which files in repository spring-projects/spring-petclinic were modified through commits authored by developer email:joaobertholino964@gmail.com?,"MATCH (d:Developer {id:$developer})-[:AUTHORED_COMMIT]->(c:Commit)
          -[:MODIFIED_FILE]->(f:File)
          <-[:CONTAINS_FILE]-(:Repository {id:$repo})
    RETURN DISTINCT f.path AS answer
    ORDER BY answer
    LIMIT 20","{'developer': 'email:joaobertholino964@gmail.com', 'repo': 'spring-projects/spring-petclinic'}",['src/main/resources/messages/messages_pt.properties'],['src/main/resources/messages/messages_pt.properties'],['src/main/resources/messages/messages_pt.properties'],['Developer email:joaobertholino964@gmail.com authored a commit that modified file src/main/resources/messages/messages_pt.properties in repository spring-projects/spring-petclinic'],"['Developer|AUTHORED_COMMIT|Commit', 'Commit|MODIFIED_FILE|File', 'Repository|CONTAINS_FILE|File']","['Developer', 'AUTHORED_COMMIT', 'Commit', 'MODIFIED_FILE', 'File', 'CONTAINS_FILE', 'Repository']","['Repository:spring-projects/spring-petclinic', 'developer:email:joaobertholino964@gmail.com', 'answer:src/main/resources/messages/messages_pt.properties', 'relation:Developer|AUTHORED_COMMIT|Commit', 'relation:Commit|MODIFIED_FILE|File', 'relation:Repository|CONTAINS_FILE|File']",hybrid,spring-projects/spring-petclinic,hard,hard,4,file_list,files_modified_by_developer,"['Developer', 'Commit', 'File', 'Repository']",neo4j_cypher_ground_truth,multi_hop-031,9,7,multi_hop-031,adaptive_hybrid_graphrag,src/main/resources/messages/messages_pt.properties,deterministic_graph,hybrid,"[""graph"", ""vector""]",files_modified_by_developer,0.95,hybrid,False,3,files_modified_by_developer,True,False,"[""registered_template"", ""vector""]","[{""rung"": ""registered_template"", ""template_name"": ""files_modified_by_developer"", ""valid"": true, ""problems"": [], ""row_count"": 1}]","[""graph:src/main/resources/messages/messages_pt.properties"", ""vector:spring-projects/spring-petclinic:pr:2510"", ""vector:spring-projects/spring-petclinic:issue:2107"", ""vector:spring-projects/spring-petclinic:pr:2449"", ""vector:spring-projects/spring-petclinic:pr:2304"", ""vector:spring-projects/spring-petclinic:pr:2307"", ""vector:spring-projects/spring-petclinic:pr:2487"", ""vector:spring-projects/spring-petclinic:pr:2477"", ""vector:spring-projects/spring-petclinic:pr:2470"", ""vector:spring-projects/spring-petclinic:commit:313121d73c0a459db3c0bf07f382590b4b305d18"", ""vector:spring-projects/spring-petclinic:pr:2334""]","[""Developer|AUTHORED_COMMIT|Commit"", ""Commit|MODIFIED_FILE|File"", ""Repository|CONTAINS_FILE|File""]","[""Developer"", ""AUTHORED_COMMIT"", ""Commit"", ""MODIFIED_FILE"", ""File"", ""CONTAINS_FILE"", ""Repository""]","MATCH (d:Developer {id:$developer})-[:AUTHORED_COMMIT]->(c:Commit)-[:MODIFIED_FILE]->(f:File)<-[:CONTAINS_FILE]-(:Repository {id:$repo})
        RETURN DISTINCT f.path AS answer ORDER BY answer LIMIT 100","{""repo"": ""spring-projects/spring-petclinic"", ""developer"": ""email:joaobertholino964@gmail.com""}","[{""answer"": ""src/main/resources/messages/messages_pt.properties""}]",10,1,11,[],"{""no_vector"": false, ""no_graph"": false, ""no_routing"": false, ""no_templates"": false, ""no_fallback"": false, ""no_validation"": false, ""fixed_hops"": null, ""fusion_weights"": null}",0.207244,
