question_id,repo,category,question,missing_fields,answerable,expected_answer,expected_entities,required_facts,answer_type,gold_evidence
Q001,spring-projects/spring-petclinic,Structure,Where do the Java classes for owners and pets live?,answerable;expected_answer;expected_entities;required_facts;answer_type;gold_evidence,,,,,,
Q002,spring-projects/spring-petclinic,Code retrieval,Which method handles submitting the new pet form?,answerable;expected_answer;expected_entities;required_facts;answer_type;gold_evidence,,,,,,
Q003,spring-projects/spring-petclinic,Dependency analysis,What brings Spring Boot into this project's Maven build?,answerable;expected_answer;expected_entities;required_facts;answer_type;gold_evidence,,,,,,
Q004,spring-projects/spring-petclinic,Documentation lookup,Is there a README command I can use to run PetClinic locally?,answerable;expected_answer;expected_entities;required_facts;answer_type;gold_evidence,,,,,,
Q005,openmrs/openmrs-core,Issue/PR analysis,How do I find the newest open PR that changes Java code in the api module?,answerable;expected_answer;expected_entities;required_facts;answer_type;gold_evidence,,,,,,
Q006,openmrs/openmrs-core,Developer activity,Who wrote the most recent commit touching README.md?,answerable;expected_answer;expected_entities;required_facts;answer_type;gold_evidence,,,,,,
Q007,openmrs/openmrs-core,Multi-hop reasoning,"Starting with PatientService, can you trace its implementation to the test class exercising it, then tell me who last changed that test class?",answerable;expected_answer;expected_entities;required_facts;answer_type;gold_evidence,,,,,,
Q008,openmrs/openmrs-core,Structure,Where's the src/quantum-patient-teleporter folder meant to fit in?,answerable;expected_answer;expected_entities;required_facts;answer_type;gold_evidence,,,,,,
Q009,dotnet/eShop,Code retrieval,Can someone point me to the code that lists catalog items?,answerable;expected_answer;expected_entities;required_facts;answer_type;gold_evidence,,,,,,
Q010,dotnet/eShop,Dependency analysis,Which NuGet packages does Catalog.API directly reference?,answerable;expected_answer;expected_entities;required_facts;answer_type;gold_evidence,,,,,,
Q011,dotnet/eShop,Documentation lookup,What setup steps does the README give for running the sample?,answerable;expected_answer;expected_entities;required_facts;answer_type;gold_evidence,,,,,,
Q012,dotnet/eShop,Issue/PR analysis,What's the newest merged PR whose diff includes Catalog.API?,answerable;expected_answer;expected_entities;required_facts;answer_type;gold_evidence,,,,,,
Q013,apache/airflow,Developer activity,Who last edited the contributors' quick start guide?,answerable;expected_answer;expected_entities;required_facts;answer_type;gold_evidence,,,,,,
Q014,apache/airflow,Multi-hop reasoning,"From the Task SDK README, follow the link to its contributor setup guide, find the script used by a setup command there, and show where that script is implemented.",answerable;expected_answer;expected_entities;required_facts;answer_type;gold_evidence,,,,,,
Q015,apache/airflow,Structure,How are airflow-core and task-sdk laid out relative to each other?,answerable;expected_answer;expected_entities;required_facts;answer_type;gold_evidence,,,,,,
Q016,apache/airflow,Code retrieval,Where is the execute method for QuantumTeleportOperator implemented?,answerable;expected_answer;expected_entities;required_facts;answer_type;gold_evidence,,,,,,
Q017,mlflow/mlflow,Dependency analysis,Which file declares the Python packages needed to install MLflow from source?,answerable;expected_answer;expected_entities;required_facts;answer_type;gold_evidence,,,,,,
Q018,mlflow/mlflow,Documentation lookup,Any quickstart example in the repo for logging params and metrics?,answerable;expected_answer;expected_entities;required_facts;answer_type;gold_evidence,,,,,,
Q019,mlflow/mlflow,Issue/PR analysis,What does the most recently opened PR changing CONTRIBUTING.md propose?,answerable;expected_answer;expected_entities;required_facts;answer_type;gold_evidence,,,,,,
Q020,mlflow/mlflow,Developer activity,Who authored the latest commit to the tracking quickstart example?,answerable;expected_answer;expected_entities;required_facts;answer_type;gold_evidence,,,,,,
Q021,spring-projects/spring-petclinic,Multi-hop reasoning,"For the latest merged PR touching PetController.java, which test file changed alongside the controller, and who authored the most recent earlier commit to that test file?",answerable;expected_answer;expected_entities;required_facts;answer_type;gold_evidence,,,,,,
Q022,spring-projects/spring-petclinic,Structure,Location of controller tests?,answerable;expected_answer;expected_entities;required_facts;answer_type;gold_evidence,,,,,,
Q023,spring-projects/spring-petclinic,Code retrieval,Where is a duplicate pet name rejected?,answerable;expected_answer;expected_entities;required_facts;answer_type;gold_evidence,,,,,,
Q024,spring-projects/spring-petclinic,Dependency analysis,What Java version does the build require?,answerable;expected_answer;expected_entities;required_facts;answer_type;gold_evidence,,,,,,
Q025,openmrs/openmrs-core,Documentation lookup,Which contribution instructions cover submitting a patch?,answerable;expected_answer;expected_entities;required_facts;answer_type;gold_evidence,,,,,,
Q026,openmrs/openmrs-core,Issue/PR analysis,Status and labels on GitHub issue #987654321?,answerable;expected_answer;expected_entities;required_facts;answer_type;gold_evidence,,,,,,
Q027,openmrs/openmrs-core,Developer activity,Who contributed commits under api during the last 30 days?,answerable;expected_answer;expected_entities;required_facts;answer_type;gold_evidence,,,,,,
Q028,openmrs/openmrs-core,Multi-hop reasoning,"Find the newest merged PR changing PatientService, follow it to the changed implementation file, then identify the author of the previous commit to that implementation file.",answerable;expected_answer;expected_entities;required_facts;answer_type;gold_evidence,,,,,,
Q029,dotnet/eShop,Structure,Which top-level folders contain runnable services?,answerable;expected_answer;expected_entities;required_facts;answer_type;gold_evidence,,,,,,
Q030,dotnet/eShop,Code retrieval,Find the catalog endpoint code that fetches an item by its identifier.,answerable;expected_answer;expected_entities;required_facts;answer_type;gold_evidence,,,,,,
Q031,dotnet/eShop,Dependency analysis,Where are shared NuGet package versions pinned?,answerable;expected_answer;expected_entities;required_facts;answer_type;gold_evidence,,,,,,
Q032,dotnet/eShop,Documentation lookup,Need the repo's documented instructions for starting the AppHost.,answerable;expected_answer;expected_entities;required_facts;answer_type;gold_evidence,,,,,,
Q033,apache/airflow,Issue/PR analysis,Which open issues currently carry the good first issue label?,answerable;expected_answer;expected_entities;required_facts;answer_type;gold_evidence,,,,,,
Q034,apache/airflow,Developer activity,List the authors of the ten most recent commits changing contributing-docs.,answerable;expected_answer;expected_entities;required_facts;answer_type;gold_evidence,,,,,,
Q035,apache/airflow,Multi-hop reasoning,"In the newest merged scheduler PR, what issue is explicitly linked and what reproduction steps does that issue provide?",answerable;expected_answer;expected_entities;required_facts;answer_type;gold_evidence,,,,,,
Q036,apache/airflow,Structure,Where are provider packages kept?,answerable;expected_answer;expected_entities;required_facts;answer_type;gold_evidence,,,,,,
Q037,mlflow/mlflow,Code retrieval,Show me the implementation behind mlflow.log_metric.,answerable;expected_answer;expected_entities;required_facts;answer_type;gold_evidence,,,,,,
Q038,mlflow/mlflow,Dependency analysis,Which runtime dependencies are declared for the quantum-unicorn-tracker package?,answerable;expected_answer;expected_entities;required_facts;answer_type;gold_evidence,,,,,,
Q039,mlflow/mlflow,Documentation lookup,Where does the contribution guide explain running tests for examples?,answerable;expected_answer;expected_entities;required_facts;answer_type;gold_evidence,,,,,,
Q040,mlflow/mlflow,Issue/PR analysis,Any open PRs with tracking in the title? Return their titles and review states.,answerable;expected_answer;expected_entities;required_facts;answer_type;gold_evidence,,,,,,
Q041,spring-projects/spring-petclinic,Developer activity,Identify the author of the latest commit modifying OwnerController.java.,answerable;expected_answer;expected_entities;required_facts;answer_type;gold_evidence,,,,,,
Q042,spring-projects/spring-petclinic,Multi-hop reasoning,"For a failed pet creation submission, trace the controller's returned view to its HTML template and then to the message resource that supplies the required-name validation text.",answerable;expected_answer;expected_entities;required_facts;answer_type;gold_evidence,,,,,,
Q043,spring-projects/spring-petclinic,Structure,How are HTML templates separated from Java source in this repository?,answerable;expected_answer;expected_entities;required_facts;answer_type;gold_evidence,,,,,,
Q044,spring-projects/spring-petclinic,Code retrieval,Which function in GalacticPetVaccinationController processes interplanetary vaccination requests?,answerable;expected_answer;expected_entities;required_facts;answer_type;gold_evidence,,,,,,
Q045,openmrs/openmrs-core,Dependency analysis,How does the api module inherit dependency versions from the parent Maven configuration?,answerable;expected_answer;expected_entities;required_facts;answer_type;gold_evidence,,,,,,
Q046,openmrs/openmrs-core,Documentation lookup,What coding conventions are stated in the repository's contribution documentation?,answerable;expected_answer;expected_entities;required_facts;answer_type;gold_evidence,,,,,,
Q047,openmrs/openmrs-core,Issue/PR analysis,"For the most recently merged PR touching api, what concerns were raised in its review comments?",answerable;expected_answer;expected_entities;required_facts;answer_type;gold_evidence,,,,,,
Q048,openmrs/openmrs-core,Developer activity,Who authored the last five commits modifying Patient.java?,answerable;expected_answer;expected_entities;required_facts;answer_type;gold_evidence,,,,,,
Q049,dotnet/eShop,Multi-hop reasoning,"Which catalog handler returns an item by ID, and where is that handler registered as an HTTP endpoint?",answerable;expected_answer;expected_entities;required_facts;answer_type;gold_evidence,,,,,,
Q050,dotnet/eShop,Structure,Where are Catalog.API endpoint definitions placed within src?,answerable;expected_answer;expected_entities;required_facts;answer_type;gold_evidence,,,,,,
Q051,dotnet/eShop,Code retrieval,Locate the catalog item model and its declared properties.,answerable;expected_answer;expected_entities;required_facts;answer_type;gold_evidence,,,,,,
Q052,dotnet/eShop,Dependency analysis,Which project references are declared by the AppHost project?,answerable;expected_answer;expected_entities;required_facts;answer_type;gold_evidence,,,,,,
Q053,apache/airflow,Documentation lookup,What does the contribution workflow document require before a pull request is submitted?,answerable;expected_answer;expected_entities;required_facts;answer_type;gold_evidence,,,,,,
Q054,apache/airflow,Issue/PR analysis,Summarize the diff and reviewer feedback for PR #987654322.,answerable;expected_answer;expected_entities;required_facts;answer_type;gold_evidence,,,,,,
Q055,apache/airflow,Developer activity,Which contributors authored commits to task-sdk in the last completed calendar month?,answerable;expected_answer;expected_entities;required_facts;answer_type;gold_evidence,,,,,,
Q056,apache/airflow,Multi-hop reasoning,"For the newest merged PR changing a Task SDK public interface, identify a changed test covering it, then find the CI workflow that runs that test suite.",answerable;expected_answer;expected_entities;required_facts;answer_type;gold_evidence,,,,,,
Q057,mlflow/mlflow,Structure,How are reusable Python packages under libs organized separately from the main mlflow package?,answerable;expected_answer;expected_entities;required_facts;answer_type;gold_evidence,,,,,,
Q058,mlflow/mlflow,Code retrieval,Where is the public start_run function defined?,answerable;expected_answer;expected_entities;required_facts;answer_type;gold_evidence,,,,,,
Q059,mlflow/mlflow,Dependency analysis,What build backend and version constraints are specified in pyproject.toml?,answerable;expected_answer;expected_entities;required_facts;answer_type;gold_evidence,,,,,,
Q060,mlflow/mlflow,Documentation lookup,Which repository document describes building the documentation locally?,answerable;expected_answer;expected_entities;required_facts;answer_type;gold_evidence,,,,,,
Q061,spring-projects/spring-petclinic,Issue/PR analysis,Show the latest merged PR that updates pom.xml and any CI results attached to it.,answerable;expected_answer;expected_entities;required_facts;answer_type;gold_evidence,,,,,,
Q062,spring-projects/spring-petclinic,Developer activity,Who committed the latest change to PetControllerTests.java?,answerable;expected_answer;expected_entities;required_facts;answer_type;gold_evidence,,,,,,
Q063,spring-projects/spring-petclinic,Multi-hop reasoning,"Starting with the blank-name pet test, follow the request to the controller's validation path, then locate the message resource entry for the resulting required-name error.",answerable;expected_answer;expected_entities;required_facts;answer_type;gold_evidence,,,,,,
Q064,spring-projects/spring-petclinic,Structure,Where is the release checklist under release/quantum-vaccination-v9?,answerable;expected_answer;expected_entities;required_facts;answer_type;gold_evidence,,,,,,
Q065,openmrs/openmrs-core,Code retrieval,Find the tests covering PatientService.,answerable;expected_answer;expected_entities;required_facts;answer_type;gold_evidence,,,,,,
Q066,openmrs/openmrs-core,Dependency analysis,What Maven plugins participate in running the api module's tests?,answerable;expected_answer;expected_entities;required_facts;answer_type;gold_evidence,,,,,,
Q067,openmrs/openmrs-core,Documentation lookup,What build-and-test commands are documented for a clean checkout?,answerable;expected_answer;expected_entities;required_facts;answer_type;gold_evidence,,,,,,
Q068,openmrs/openmrs-core,Issue/PR analysis,Which open PRs targeting the default branch currently have failing checks?,answerable;expected_answer;expected_entities;required_facts;answer_type;gold_evidence,,,,,,
Q069,dotnet/eShop,Developer activity,Who made the newest commit changing a test project?,answerable;expected_answer;expected_entities;required_facts;answer_type;gold_evidence,,,,,,
Q070,dotnet/eShop,Multi-hop reasoning,"Which SDK version does global.json request, and which CI workflow selects that SDK to build the solution?",answerable;expected_answer;expected_entities;required_facts;answer_type;gold_evidence,,,,,,
Q071,dotnet/eShop,Structure,Which directories contain automated test projects?,answerable;expected_answer;expected_entities;required_facts;answer_type;gold_evidence,,,,,,
Q072,dotnet/eShop,Code retrieval,Where are the tests for catalog API behavior implemented?,answerable;expected_answer;expected_entities;required_facts;answer_type;gold_evidence,,,,,,
Q073,apache/airflow,Dependency analysis,Where does the build configuration specify supported Python versions?,answerable;expected_answer;expected_entities;required_facts;answer_type;gold_evidence,,,,,,
Q074,apache/airflow,Documentation lookup,Which checked-in instructions describe testing a release candidate?,answerable;expected_answer;expected_entities;required_facts;answer_type;gold_evidence,,,,,,
Q075,apache/airflow,Issue/PR analysis,"What's the latest open issue with scheduler in its title, including the reported version and reproduction steps?",answerable;expected_answer;expected_entities;required_facts;answer_type;gold_evidence,,,,,,
Q076,apache/airflow,Developer activity,Which release-related commits were authored by the GitHub user quantum-unicorn-release-bot-987654321?,answerable;expected_answer;expected_entities;required_facts;answer_type;gold_evidence,,,,,,
Q077,mlflow/mlflow,Multi-hop reasoning,"Follow the release tooling to the file that replaces pyproject.toml, identify the script generating that replacement file, and tell me who last committed a change to that generator.",answerable;expected_answer;expected_entities;required_facts;answer_type;gold_evidence,,,,,,
Q078,mlflow/mlflow,Structure,Where do the example test suites sit relative to the examples they run?,answerable;expected_answer;expected_entities;required_facts;answer_type;gold_evidence,,,,,,
Q079,mlflow/mlflow,Code retrieval,Locate the automated tests that exercise logging metrics.,answerable;expected_answer;expected_entities;required_facts;answer_type;gold_evidence,,,,,,
Q080,mlflow/mlflow,Dependency analysis,What Python version range is declared for the release package?,answerable;expected_answer;expected_entities;required_facts;answer_type;gold_evidence,,,,,,
Q081,spring-projects/spring-petclinic,Documentation lookup,How does the README describe what this sample application demonstrates?,answerable;expected_answer;expected_entities;required_facts;answer_type;gold_evidence,,,,,,
Q082,spring-projects/spring-petclinic,Issue/PR analysis,What explanation did the author give in the latest merged PR changing VisitController.java?,answerable;expected_answer;expected_entities;required_facts;answer_type;gold_evidence,,,,,,
Q083,spring-projects/spring-petclinic,Developer activity,"Looking at the file history, who first introduced PetController.java?",answerable;expected_answer;expected_entities;required_facts;answer_type;gold_evidence,,,,,,
Q084,spring-projects/spring-petclinic,Multi-hop reasoning,"Could you walk me from the owner details request to its controller method, then to the rendered template, and finally to the template fragment it uses for the page layout?",answerable;expected_answer;expected_entities;required_facts;answer_type;gold_evidence,,,,,,
Q085,openmrs/openmrs-core,Structure,"What is the difference between the api, web and webapp modules according to their files and build definitions?",answerable;expected_answer;expected_entities;required_facts;answer_type;gold_evidence,,,,,,
Q086,openmrs/openmrs-core,Code retrieval,Where can I read the Patient class itself?,answerable;expected_answer;expected_entities;required_facts;answer_type;gold_evidence,,,,,,
Q087,openmrs/openmrs-core,Dependency analysis,Which external libraries does the web module declare directly?,answerable;expected_answer;expected_entities;required_facts;answer_type;gold_evidence,,,,,,
Q088,openmrs/openmrs-core,Documentation lookup,Which section of docs/quantum-patient-teleportation.md explains patient teleportation?,answerable;expected_answer;expected_entities;required_facts;answer_type;gold_evidence,,,,,,
Q089,dotnet/eShop,Issue/PR analysis,"In the newest merged PR that changes README.md, why did the contributor say the edit was needed?",answerable;expected_answer;expected_entities;required_facts;answer_type;gold_evidence,,,,,,
Q090,dotnet/eShop,Developer activity,Who introduced the CatalogApi.cs file in the commit history?,answerable;expected_answer;expected_entities;required_facts;answer_type;gold_evidence,,,,,,
Q091,dotnet/eShop,Multi-hop reasoning,"How does the AppHost register Catalog.API, and which consuming app is given a reference to that service?",answerable;expected_answer;expected_entities;required_facts;answer_type;gold_evidence,,,,,,
Q092,dotnet/eShop,Structure,What files make up the src/QuantumUnicornCheckout service?,answerable;expected_answer;expected_entities;required_facts;answer_type;gold_evidence,,,,,,
Q093,apache/airflow,Code retrieval,Where can I inspect the Python class representing a DAG?,answerable;expected_answer;expected_entities;required_facts;answer_type;gold_evidence,,,,,,
Q094,apache/airflow,Dependency analysis,Which dependencies are listed for the Task SDK package?,answerable;expected_answer;expected_entities;required_facts;answer_type;gold_evidence,,,,,,
Q095,apache/airflow,Documentation lookup,Is there a checked-in explanation of how to write a first DAG?,answerable;expected_answer;expected_entities;required_facts;answer_type;gold_evidence,,,,,,
Q096,apache/airflow,Issue/PR analysis,What problem is described by the oldest currently open issue with XCom in its title?,answerable;expected_answer;expected_entities;required_facts;answer_type;gold_evidence,,,,,,
Q097,mlflow/mlflow,Developer activity,Who has changed the tracking quickstart example over its full recorded history?,answerable;expected_answer;expected_entities;required_facts;answer_type;gold_evidence,,,,,,
Q098,mlflow/mlflow,Multi-hop reasoning,"In the tracking quickstart, follow the parameter-logging call to its public implementation, then to the client method it invokes, and finally to the tracking-store method that client delegates to.",answerable;expected_answer;expected_entities;required_facts;answer_type;gold_evidence,,,,,,
Q099,mlflow/mlflow,Structure,How are the docs and examples folders arranged at the repository root?,answerable;expected_answer;expected_entities;required_facts;answer_type;gold_evidence,,,,,,
Q100,mlflow/mlflow,Multi-hop reasoning,"What artifact-logging function is used in the tracking quickstart, and where is that function's implementation documented?",answerable;expected_answer;expected_entities;required_facts;answer_type;gold_evidence,,,,,,
