system,n_rows,n_scorable,n_missing_gold,n_errors,n_abstained,strict_accuracy,accuracy_non_error,legacy_accuracy,abstention_rate,correct_abstention_rate,fabrication_rate,latency_n,latency_mean_s,latency_sd_s,fact_recall,entity_precision,entity_recall,entity_f1,evidence_precision_at_k,evidence_recall_at_k,mrr,accuracy_repeat_mean,accuracy_repeat_sd
adaptive_hybrid_graphrag,242,242,0,0,0,0.8636363636363636,0.8636363636363636,0.9669421487603306,0.0,,,0,,,0.9669421487603306,0.9047383519978826,0.9669421487603306,0.9176098988906456,0.8411157024793389,0.38530150120784157,0.7892316017316018,0.8636363636363636,
fixed_graph_rag,242,242,0,1,0,0.859504132231405,0.8630705394190872,0.9628099173553719,0.0,,,0,,,0.9628099173553719,0.9006061205929239,0.9628099173553719,0.9134776674856869,0.730814639905549,0.27886489373817624,0.7303719008264463,0.859504132231405,
fixed_hybrid_rag,242,242,0,0,0,0.8636363636363636,0.8636363636363636,0.9669421487603306,0.0,,,0,,,0.9669421487603306,0.9047383519978826,0.9669421487603306,0.9176098988906456,0.887396694214876,0.4331325269314293,0.8181572215663124,0.8636363636363636,
langchain_graphrag,242,242,0,0,39,0.6487603305785123,0.6487603305785123,0.640495867768595,0.16115702479338842,,,0,,,0.6623314484558503,0.6599387647203467,0.6623314484558503,0.6604153295333575,0.5880460448642267,0.1662932567216719,0.6033057851239669,0.6487603305785123,
llamaindex_graphrag,242,242,0,0,38,0.6446280991735537,0.6446280991735537,0.6363636363636364,0.15702479338842976,,,0,,,0.6619182253153545,0.6573561200922476,0.6619182253153545,0.658470750048671,0.5946576151121605,0.17114321610894817,0.6115702479338843,0.6446280991735537,
oracle_hybrid_rag,242,242,0,0,1,0.859504132231405,0.859504132231405,0.9628099173553719,0.004132231404958678,,,0,,,0.9628099173553719,0.9006061205929239,0.9628099173553719,0.9134776674856869,0.8411157024793389,0.38530150120784157,0.7892316017316018,0.859504132231405,
plain_llm,242,242,0,0,237,0.0,0.0,0.0,0.9793388429752066,,,0,,,0.0,0.0,0.0,0.0,,,,0.0,
vector_rag,242,242,0,0,209,0.06198347107438017,0.06198347107438017,0.06198347107438017,0.8636363636363636,,,0,,,0.07613830155152469,0.10227272727272728,0.07613830155152469,0.08139083139083139,0.9917355371900827,0.20840834456507318,0.9917355371900827,0.06198347107438017,
ablation/fixed_1hop,29,29,0,0,1,0.9655172413793104,0.9655172413793104,1.0,0.034482758620689655,,,0,,,0.9655172413793104,1.0,1.0,1.0,0.9379310344827586,0.39251878389809425,0.9655172413793104,0.9655172413793104,
ablation/fixed_2hop,29,29,0,0,1,0.9655172413793104,0.9655172413793104,1.0,0.034482758620689655,,,0,,,0.9655172413793104,1.0,1.0,1.0,0.9379310344827586,0.39251878389809425,0.9655172413793104,0.9655172413793104,
ablation/fixed_3hop,29,29,0,0,1,0.9655172413793104,0.9655172413793104,1.0,0.034482758620689655,,,0,,,0.9655172413793104,1.0,1.0,1.0,0.9379310344827586,0.39251878389809425,0.9655172413793104,0.9655172413793104,
ablation/full_system,29,29,0,0,1,0.9655172413793104,0.9655172413793104,1.0,0.034482758620689655,,,0,,,0.9655172413793104,1.0,1.0,1.0,0.9379310344827586,0.39251878389809425,0.9655172413793104,0.9655172413793104,
ablation/fusion_equal_weight,29,29,0,0,1,0.9655172413793104,0.9655172413793104,1.0,0.034482758620689655,,,0,,,0.9655172413793104,1.0,1.0,1.0,0.9448275862068966,0.395810319948251,0.9655172413793104,0.9655172413793104,
ablation/fusion_graph_heavy,29,29,0,0,1,0.9655172413793104,0.9655172413793104,1.0,0.034482758620689655,,,0,,,0.9655172413793104,1.0,1.0,1.0,0.9379310344827586,0.39251878389809425,0.9655172413793104,0.9655172413793104,
ablation/fusion_vector_heavy,29,29,0,0,1,0.9655172413793104,0.9655172413793104,1.0,0.034482758620689655,,,0,,,0.9655172413793104,1.0,1.0,1.0,0.9448275862068966,0.395810319948251,0.9655172413793104,0.9655172413793104,
ablation/no_fallback,29,29,0,0,1,0.9655172413793104,0.9655172413793104,1.0,0.034482758620689655,,,0,,,0.9655172413793104,1.0,1.0,1.0,0.9379310344827586,0.39251878389809425,0.9655172413793104,0.9655172413793104,
ablation/no_graph,29,29,0,0,25,0.10344827586206896,0.10344827586206896,0.10344827586206896,0.8620689655172413,,,0,,,0.10344827586206896,0.10344827586206896,0.10344827586206896,0.10344827586206896,0.9655172413793104,0.19672339155097776,0.9655172413793104,0.10344827586206896,
ablation/no_routing,29,29,0,0,1,0.9655172413793104,0.9655172413793104,1.0,0.034482758620689655,,,0,,,0.9655172413793104,1.0,1.0,1.0,0.9344827586206896,0.4442429218291287,0.9770114942528736,0.9655172413793104,
ablation/no_templates,29,29,0,0,2,0.7931034482758621,0.7931034482758621,0.8620689655172413,0.06896551724137931,,,0,,,0.8275862068965517,0.8850574712643678,0.896551724137931,0.8896551724137931,0.7931034482758621,0.2481688809275016,0.8103448275862069,0.7931034482758621,
ablation/no_validation,29,29,0,0,1,0.9655172413793104,0.9655172413793104,1.0,0.034482758620689655,,,0,,,0.9655172413793104,1.0,1.0,1.0,0.9379310344827586,0.39251878389809425,0.9655172413793104,0.9655172413793104,
ablation/no_vector,29,29,0,0,1,0.9655172413793104,0.9655172413793104,1.0,0.034482758620689655,,,0,,,0.9655172413793104,1.0,1.0,1.0,0.9275862068965517,0.33926207891725135,0.9655172413793104,0.9655172413793104,
