question_id,run_id,expected_route,selected_route,router_preferred_route,router_confidence,fallback_used,actual_evidence_sources,template_coverage_hit,graph_retrieval_count,vector_retrieval_count,latency_s,error
dependency_analysis-002,1,graph,graph,graph,0.95,False,"[""graph""]",True,1,0,0.796935,
documentation_lookup-022,1,vector,hybrid,hybrid,0.95,False,"[""graph"", ""vector""]",True,1,10,2.925283,
code_retrieval-026,1,vector,hybrid,hybrid,0.95,False,"[""graph"", ""vector""]",True,1,10,0.286881,
dependency_analysis-040,1,graph,graph,graph,0.95,False,"[""graph""]",True,10,0,0.31797,
dependency_analysis-027,1,graph,graph,graph,0.95,False,"[""graph""]",True,1,0,0.304301,
code_retrieval-024,1,vector,hybrid,hybrid,0.95,False,"[""graph"", ""vector""]",True,1,10,0.382843,
dependency_analysis-012,1,graph,graph,graph,0.95,False,"[""graph""]",True,5,0,0.185628,
issue_pr_analysis-004,1,graph,graph,graph,0.95,False,"[""graph""]",True,20,0,0.206099,
documentation_lookup-029,1,vector,hybrid,hybrid,0.95,False,"[""graph"", ""vector""]",True,1,10,0.282968,
code_retrieval-012,1,vector,hybrid,hybrid,0.95,False,"[""graph"", ""vector""]",True,1,10,0.293382,
code_retrieval-001,1,vector,hybrid,hybrid,0.95,False,"[""graph"", ""vector""]",True,100,10,0.335628,
multi_hop-056,1,hybrid,hybrid,hybrid,0.95,False,"[""graph"", ""vector""]",True,1,10,0.264912,
developer_activity-004,1,graph,graph,graph,0.95,False,"[""graph""]",True,100,0,0.290129,
issue_pr_analysis-038,1,graph,graph,graph,0.95,False,"[""graph""]",True,1,0,0.19317,
structure-009,1,graph,graph,graph,0.95,False,"[""graph""]",True,14,0,0.202779,
developer_activity-025,1,graph,graph,graph,0.95,False,"[""graph""]",True,10,0,0.24504,
documentation_lookup-009,1,vector,hybrid,hybrid,0.95,False,"[""graph"", ""vector""]",True,1,10,0.292795,
multi_hop-034,1,hybrid,hybrid,hybrid,0.95,False,"[""graph"", ""vector""]",True,1,10,0.424146,
issue_pr_analysis-001,1,graph,graph,graph,0.95,False,"[""graph""]",True,2,0,0.153273,
structure-025,1,graph,graph,graph,0.95,False,"[""graph""]",True,7,0,0.21509,
code_retrieval-002,1,vector,hybrid,hybrid,0.95,False,"[""graph"", ""vector""]",True,1,10,0.373676,
multi_hop-054,1,hybrid,hybrid,hybrid,0.95,False,"[""graph"", ""vector""]",True,1,10,0.568352,
code_retrieval-004,1,vector,hybrid,hybrid,0.95,False,"[""graph"", ""vector""]",True,2,10,0.271451,
structure-002,1,graph,graph,graph,0.95,False,"[""graph""]",True,26,0,0.240327,
issue_pr_analysis-031,1,graph,graph,graph,0.95,False,"[""graph""]",True,1,0,0.271764,
code_retrieval-003,1,vector,hybrid,hybrid,0.95,False,"[""graph"", ""vector""]",True,21,10,0.328345,
structure-006,1,graph,graph,graph,0.95,False,"[""graph""]",True,7,0,0.987247,
code_retrieval-028,1,vector,hybrid,hybrid,0.95,False,"[""graph"", ""vector""]",True,1,10,0.351002,
documentation_lookup-025,1,vector,hybrid,hybrid,0.95,False,"[""graph"", ""vector""]",True,1,10,0.421844,
structure-018,1,graph,graph,graph,0.95,False,"[""graph""]",True,6,0,0.788736,
code_retrieval-034,1,vector,hybrid,hybrid,0.95,False,"[""graph"", ""vector""]",True,1,10,0.554515,
developer_activity-002,1,graph,graph,graph,0.95,False,"[""graph""]",True,10,0,0.332079,
code_retrieval-005,1,vector,hybrid,hybrid,0.95,False,"[""graph"", ""vector""]",True,74,10,0.450413,
multi_hop-021,1,hybrid,hybrid,hybrid,0.95,False,"[""graph"", ""vector""]",True,1,10,0.653883,
multi_hop-026,1,hybrid,hybrid,hybrid,0.95,False,"[""graph"", ""vector""]",True,2,10,0.258756,
multi_hop-058,1,hybrid,hybrid,hybrid,0.95,False,"[""graph"", ""vector""]",True,1,10,0.23739,
code_retrieval-029,1,vector,hybrid,hybrid,0.95,False,"[""graph"", ""vector""]",True,1,10,0.283056,
code_retrieval-011,1,vector,hybrid,hybrid,0.95,False,"[""graph"", ""vector""]",True,1,10,0.537216,
multi_hop-030,1,hybrid,hybrid,hybrid,0.95,False,"[""graph"", ""vector""]",True,6,10,0.258975,
dependency_analysis-016,1,graph,graph,graph,0.95,False,"[""graph""]",True,3,0,0.170597,
structure-035,1,graph,graph,graph,0.95,False,"[""graph""]",True,2,0,0.205344,
structure-020,1,graph,graph,graph,0.95,False,"[""graph""]",True,11,0,0.226375,
structure-015,1,graph,graph,graph,0.95,False,"[""graph""]",True,6,0,0.203863,
multi_hop-055,1,hybrid,hybrid,hybrid,0.95,False,"[""graph"", ""vector""]",True,2,10,0.354995,
dependency_analysis-017,1,graph,graph,graph,0.95,False,"[""graph""]",True,2,0,0.34732,
dependency_analysis-010,1,graph,graph,graph,0.95,False,"[""graph""]",True,12,0,0.180953,
dependency_analysis-026,1,graph,graph,graph,0.95,False,"[""graph""]",True,1,0,0.213854,
structure-037,1,graph,graph,graph,0.95,False,"[""graph""]",True,10,0,0.182787,
structure-038,1,graph,graph,graph,0.95,False,"[""graph""]",True,10,0,0.173818,
code_retrieval-021,1,vector,hybrid,hybrid,0.95,False,"[""graph"", ""vector""]",True,1,10,0.308007,
multi_hop-042,1,hybrid,hybrid,hybrid,0.95,False,"[""graph"", ""vector""]",True,2,10,0.294491,
structure-001,1,graph,graph,graph,0.95,False,"[""graph""]",True,11,0,0.240939,
dependency_analysis-014,1,graph,graph,graph,0.95,False,"[""graph""]",True,1,0,0.166076,
structure-010,1,graph,graph,graph,0.95,False,"[""graph""]",True,4,0,0.188541,
multi_hop-041,1,hybrid,hybrid,hybrid,0.95,False,"[""graph"", ""vector""]",True,2,10,0.21232,
issue_pr_analysis-016,1,graph,graph,graph,0.95,False,"[""graph""]",True,1,0,0.187037,
structure-021,1,graph,graph,graph,0.95,False,"[""graph""]",True,53,0,0.210775,
structure-011,1,graph,graph,graph,0.95,False,"[""graph""]",True,89,0,0.209002,
structure-034,1,graph,graph,graph,0.95,False,"[""graph""]",True,57,0,0.246103,
structure-028,1,graph,graph,graph,0.95,False,"[""graph""]",True,9,0,0.362572,
developer_activity-001,1,graph,graph,graph,0.95,False,"[""graph""]",True,10,0,0.243304,
documentation_lookup-023,1,vector,hybrid,hybrid,0.95,False,"[""graph"", ""vector""]",True,1,10,0.378411,
structure-013,1,graph,graph,graph,0.95,False,"[""graph""]",True,53,0,0.678358,
multi_hop-019,1,hybrid,hybrid,hybrid,0.95,False,"[""graph"", ""vector""]",True,1,10,0.47867,
structure-040,1,graph,graph,graph,0.95,False,"[""graph""]",True,15,0,0.261754,
dependency_analysis-031,1,graph,graph,graph,0.95,False,"[""graph""]",True,1,0,0.502014,
documentation_lookup-005,1,vector,hybrid,hybrid,0.95,False,"[""graph"", ""vector""]",True,2,10,0.336916,
code_retrieval-018,1,vector,hybrid,hybrid,0.95,False,"[""graph"", ""vector""]",True,19,10,0.33059,
multi_hop-036,1,hybrid,hybrid,hybrid,0.95,False,"[""graph"", ""vector""]",True,1,10,0.408032,
structure-029,1,graph,graph,graph,0.95,False,"[""graph""]",True,8,0,0.208412,
code_retrieval-040,1,vector,hybrid,hybrid,0.95,False,"[""graph"", ""vector""]",True,1,10,0.270667,
multi_hop-045,1,hybrid,hybrid,hybrid,0.95,False,"[""graph"", ""vector""]",True,3,10,0.198194,
code_retrieval-037,1,vector,hybrid,hybrid,0.95,False,"[""graph"", ""vector""]",True,100,10,0.504456,
documentation_lookup-004,1,vector,hybrid,hybrid,0.95,False,"[""graph"", ""vector""]",True,1,10,0.345412,
code_retrieval-014,1,vector,hybrid,hybrid,0.95,False,"[""graph"", ""vector""]",True,1,10,0.317867,
multi_hop-001,1,hybrid,hybrid,hybrid,0.95,False,"[""graph"", ""vector""]",True,2,10,0.297063,
structure-016,1,graph,graph,graph,0.95,False,"[""graph""]",True,9,0,0.208003,
structure-032,1,graph,graph,graph,0.95,False,"[""graph""]",True,1,0,0.180563,
documentation_lookup-034,1,vector,hybrid,hybrid,0.95,False,"[""graph"", ""vector""]",True,1,10,0.281288,
documentation_lookup-006,1,vector,hybrid,hybrid,0.95,False,"[""graph"", ""vector""]",True,1,10,0.320342,
documentation_lookup-015,1,vector,hybrid,hybrid,0.95,False,"[""graph"", ""vector""]",True,3,10,0.27217,
structure-019,1,graph,graph,graph,0.95,False,"[""graph""]",True,65,0,0.257575,
multi_hop-013,1,hybrid,hybrid,hybrid,0.95,False,"[""graph"", ""vector""]",True,2,10,0.269122,
dependency_analysis-023,1,graph,graph,graph,0.95,False,"[""graph""]",True,3,0,0.312601,
structure-017,1,graph,graph,graph,0.95,False,"[""graph""]",True,47,0,0.219343,
structure-030,1,graph,graph,graph,0.95,False,"[""graph""]",True,5,0,0.249934,
documentation_lookup-019,1,vector,hybrid,hybrid,0.95,False,"[""graph"", ""vector""]",True,1,10,0.262529,
dependency_analysis-041,1,graph,graph,graph,0.95,False,"[""graph""]",True,1,0,0.260061,
documentation_lookup-033,1,vector,hybrid,hybrid,0.95,False,"[""graph"", ""vector""]",True,2,10,0.303933,
structure-027,1,graph,graph,graph,0.95,False,"[""graph""]",True,23,0,0.152182,
documentation_lookup-031,1,vector,hybrid,hybrid,0.95,False,"[""graph"", ""vector""]",True,1,10,0.948422,
code_retrieval-035,1,vector,hybrid,hybrid,0.95,False,"[""graph"", ""vector""]",True,1,10,0.324874,
multi_hop-059,1,hybrid,hybrid,hybrid,0.95,False,"[""graph"", ""vector""]",True,1,10,0.303535,
structure-012,1,graph,graph,graph,0.95,False,"[""graph""]",True,100,0,0.247321,
structure-033,1,graph,graph,graph,0.95,False,"[""graph""]",True,10,0,0.312653,
documentation_lookup-012,1,vector,hybrid,hybrid,0.95,False,"[""graph"", ""vector""]",True,1,10,0.455727,
structure-004,1,graph,graph,graph,0.95,False,"[""graph""]",True,29,0,0.360521,
code_retrieval-038,1,vector,hybrid,hybrid,0.95,False,"[""graph"", ""vector""]",True,1,10,0.37418,
code_retrieval-006,1,vector,hybrid,hybrid,0.95,False,"[""graph"", ""vector""]",True,1,10,0.320735,
multi_hop-053,1,hybrid,hybrid,hybrid,0.95,False,"[""graph"", ""vector""]",True,2,10,0.370868,
structure-026,1,graph,graph,graph,0.95,False,"[""graph""]",True,9,0,1.121446,
code_retrieval-033,1,vector,hybrid,hybrid,0.95,False,"[""graph"", ""vector""]",True,4,10,0.44732,
documentation_lookup-010,1,vector,hybrid,hybrid,0.95,False,"[""graph"", ""vector""]",True,5,10,0.305338,
documentation_lookup-026,1,vector,hybrid,hybrid,0.95,False,"[""graph"", ""vector""]",True,1,10,0.285159,
multi_hop-018,1,hybrid,hybrid,hybrid,0.95,False,"[""graph"", ""vector""]",True,3,10,0.264415,
dependency_analysis-044,1,graph,graph,graph,0.95,False,"[""graph""]",True,2,0,0.195669,
code_retrieval-008,1,vector,hybrid,hybrid,0.95,False,"[""graph"", ""vector""]",True,1,10,0.241582,
code_retrieval-010,1,vector,hybrid,hybrid,0.95,False,"[""graph"", ""vector""]",True,100,10,0.34982,
structure-031,1,graph,graph,graph,0.95,False,"[""graph""]",True,2,0,0.181902,
code_retrieval-020,1,vector,hybrid,hybrid,0.95,False,"[""graph"", ""vector""]",True,100,10,0.272028,
code_retrieval-025,1,vector,hybrid,hybrid,0.95,False,"[""graph"", ""vector""]",True,1,10,0.227957,
issue_pr_analysis-037,1,graph,graph,graph,0.95,False,"[""graph""]",True,1,0,0.180199,
code_retrieval-030,1,vector,hybrid,hybrid,0.95,False,"[""graph"", ""vector""]",True,2,10,0.251471,
dependency_analysis-037,1,graph,graph,graph,0.95,False,"[""graph""]",True,1,0,0.232568,
documentation_lookup-016,1,vector,hybrid,hybrid,0.95,False,"[""graph"", ""vector""]",True,1,10,0.379837,
dependency_analysis-029,1,graph,graph,graph,0.95,False,"[""graph""]",True,7,0,0.235786,
documentation_lookup-011,1,vector,hybrid,hybrid,0.95,False,"[""graph"", ""vector""]",True,1,10,0.300297,
code_retrieval-017,1,vector,hybrid,hybrid,0.95,False,"[""graph"", ""vector""]",True,100,10,0.37543,
code_retrieval-036,1,vector,hybrid,hybrid,0.95,False,"[""graph"", ""vector""]",True,1,10,0.293574,
structure-024,1,graph,graph,graph,0.95,False,"[""graph""]",True,16,0,0.22657,
structure-005,1,graph,graph,graph,0.95,False,"[""graph""]",True,31,0,0.255402,
dependency_analysis-035,1,graph,graph,graph,0.95,False,"[""graph""]",True,6,0,0.219208,
developer_activity-005,1,graph,graph,graph,0.95,False,"[""graph""]",True,1,0,0.232806,
issue_pr_analysis-023,1,graph,graph,graph,0.95,False,"[""graph""]",True,1,0,0.287381,
documentation_lookup-001,1,vector,hybrid,hybrid,0.95,False,"[""graph"", ""vector""]",True,1,10,0.308394,
multi_hop-040,1,hybrid,hybrid,hybrid,0.95,False,"[""graph"", ""vector""]",True,1,10,0.325346,
multi_hop-039,1,hybrid,hybrid,hybrid,0.95,False,"[""graph"", ""vector""]",True,2,10,0.264354,
code_retrieval-009,1,vector,hybrid,hybrid,0.95,False,"[""graph"", ""vector""]",True,1,10,0.272236,
documentation_lookup-008,1,vector,hybrid,hybrid,0.95,False,"[""graph"", ""vector""]",True,1,10,0.315763,
structure-003,1,graph,graph,graph,0.95,False,"[""graph""]",True,47,0,0.258094,
code_retrieval-031,1,vector,hybrid,hybrid,0.95,False,"[""graph"", ""vector""]",True,100,10,0.307347,
issue_pr_analysis-020,1,graph,graph,graph,0.95,False,"[""graph""]",True,1,0,0.197662,
documentation_lookup-028,1,vector,hybrid,hybrid,0.95,False,"[""graph"", ""vector""]",True,1,10,0.282556,
multi_hop-010,1,hybrid,hybrid,hybrid,0.95,False,"[""graph"", ""vector""]",True,1,10,0.28048,
code_retrieval-027,1,vector,hybrid,hybrid,0.95,False,"[""graph"", ""vector""]",True,1,10,0.276719,
multi_hop-022,1,hybrid,hybrid,hybrid,0.95,False,"[""graph"", ""vector""]",True,1,10,0.408725,
multi_hop-028,1,hybrid,hybrid,hybrid,0.95,False,"[""graph"", ""vector""]",True,2,10,0.278725,
code_retrieval-007,1,vector,hybrid,hybrid,0.95,False,"[""graph"", ""vector""]",True,1,10,0.315283,
multi_hop-052,1,hybrid,hybrid,hybrid,0.95,False,"[""graph"", ""vector""]",True,1,10,0.284199,
structure-008,1,graph,graph,graph,0.95,False,"[""graph""]",True,26,0,0.193417,
dependency_analysis-007,1,graph,graph,graph,0.95,False,"[""graph""]",True,2,0,0.225672,
dependency_analysis-018,1,graph,graph,graph,0.95,False,"[""graph""]",True,1,0,0.435339,
documentation_lookup-032,1,vector,hybrid,hybrid,0.95,False,"[""graph"", ""vector""]",True,1,10,0.300644,
documentation_lookup-021,1,vector,hybrid,hybrid,0.95,False,"[""graph"", ""vector""]",True,1,10,0.276186,
dependency_analysis-039,1,graph,graph,graph,0.95,False,"[""graph""]",True,7,0,0.311469,
multi_hop-047,1,hybrid,hybrid,hybrid,0.95,False,"[""graph"", ""vector""]",True,1,10,0.203476,
dependency_analysis-036,1,graph,graph,graph,0.95,False,"[""graph""]",True,2,0,0.20592,
developer_activity-016,1,graph,graph,graph,0.95,False,"[""graph""]",True,10,0,0.209979,
code_retrieval-032,1,vector,hybrid,hybrid,0.95,False,"[""graph"", ""vector""]",True,1,10,0.290023,
structure-023,1,graph,graph,graph,0.95,False,"[""graph""]",True,43,0,0.348819,
developer_activity-030,1,graph,graph,graph,0.95,False,"[""graph""]",True,6,0,0.394347,
developer_activity-003,1,graph,graph,graph,0.95,False,"[""graph""]",True,10,0,0.31044,
code_retrieval-023,1,vector,hybrid,hybrid,0.95,False,"[""graph"", ""vector""]",True,1,10,0.333496,
documentation_lookup-013,1,vector,hybrid,hybrid,0.95,False,"[""graph"", ""vector""]",True,1,10,0.344476,
multi_hop-057,1,hybrid,hybrid,hybrid,0.95,False,"[""graph"", ""vector""]",True,1,10,0.390501,
documentation_lookup-014,1,vector,hybrid,hybrid,0.95,False,"[""graph"", ""vector""]",True,1,10,0.280033,
developer_activity-013,1,graph,graph,graph,0.95,False,"[""graph""]",True,10,0,0.683872,
code_retrieval-039,1,vector,hybrid,hybrid,0.95,False,"[""graph"", ""vector""]",True,100,10,0.572968,
code_retrieval-015,1,vector,hybrid,hybrid,0.95,False,"[""graph"", ""vector""]",True,1,10,0.474733,
structure-007,1,graph,graph,graph,0.95,False,"[""graph""]",True,100,0,0.391321,
structure-036,1,graph,graph,graph,0.95,False,"[""graph""]",True,10,0,0.234366,
multi_hop-033,1,hybrid,hybrid,hybrid,0.95,False,"[""graph"", ""vector""]",True,6,10,0.343971,
structure-022,1,graph,graph,graph,0.95,False,"[""graph""]",True,8,0,0.63648,
code_retrieval-022,1,vector,hybrid,hybrid,0.95,False,"[""graph"", ""vector""]",True,100,10,0.30558,
documentation_lookup-030,1,vector,hybrid,hybrid,0.95,False,"[""graph"", ""vector""]",True,1,10,0.269633,
code_retrieval-013,1,vector,hybrid,hybrid,0.95,False,"[""graph"", ""vector""]",True,100,10,0.399484,
dependency_analysis-045,1,graph,graph,graph,0.95,False,"[""graph""]",True,1,0,0.295476,
structure-039,1,graph,graph,graph,0.95,False,"[""graph""]",True,10,0,0.213741,
issue_pr_analysis-044,1,graph,graph,graph,0.95,False,"[""graph""]",True,19,0,0.366093,
multi_hop-051,1,hybrid,hybrid,hybrid,0.95,False,"[""graph"", ""vector""]",True,2,10,0.237208,
structure-014,1,graph,graph,graph,0.95,False,"[""graph""]",True,1,0,0.338861,
code_retrieval-016,1,vector,hybrid,hybrid,0.95,False,"[""graph"", ""vector""]",True,1,10,0.334209,
documentation_lookup-035,1,vector,hybrid,hybrid,0.95,False,"[""graph"", ""vector""]",True,1,10,0.378459,
dependency_analysis-004,1,graph,graph,graph,0.95,False,"[""graph""]",True,1,0,0.243816,
multi_hop-060,1,hybrid,hybrid,hybrid,0.95,False,"[""graph"", ""vector""]",True,7,10,0.227452,
dependency_analysis-006,1,graph,graph,graph,0.95,False,"[""graph""]",True,1,0,0.178165,
documentation_lookup-007,1,vector,hybrid,hybrid,0.95,False,"[""graph"", ""vector""]",True,1,10,0.404825,
dependency_analysis-032,1,graph,graph,graph,0.95,False,"[""graph""]",True,4,0,0.215002,
code_retrieval-019,1,vector,hybrid,hybrid,0.95,False,"[""graph"", ""vector""]",True,1,10,0.423023,
developer_activity-019,1,graph,graph,graph,0.95,False,"[""graph""]",True,1,0,0.210079,
developer_activity-027,1,graph,graph,graph,0.95,False,"[""graph""]",True,36,0,0.142398,
developer_activity-010,1,graph,graph,graph,0.95,False,"[""graph""]",True,1,0,0.245041,
developer_activity-014,1,graph,graph,graph,0.95,False,"[""graph""]",True,1,0,0.290853,
developer_activity-021,1,graph,graph,graph,0.95,False,"[""graph""]",True,1,0,0.162219,
developer_activity-007,1,graph,graph,graph,0.95,False,"[""graph""]",True,1,0,0.256081,
developer_activity-008,1,graph,graph,graph,0.95,False,"[""graph""]",True,35,0,0.306932,
developer_activity-024,1,graph,graph,graph,0.95,False,"[""graph""]",True,7,0,0.245263,
developer_activity-012,1,graph,graph,graph,0.95,False,"[""graph""]",True,1,0,0.365521,
developer_activity-028,1,graph,graph,graph,0.95,False,"[""graph""]",True,2,0,0.222607,
developer_activity-011,1,graph,graph,graph,0.95,False,"[""graph""]",True,1,0,0.229409,
issue_pr_analysis-006,1,graph,graph,graph,0.95,False,"[""graph""]",True,1,0,0.271492,
issue_pr_analysis-042,1,graph,graph,graph,0.95,False,"[""graph""]",True,3,0,0.273241,
issue_pr_analysis-026,1,graph,graph,graph,0.95,False,"[""graph""]",True,1,0,0.346243,
issue_pr_analysis-022,1,graph,graph,graph,0.95,False,"[""graph""]",True,1,0,0.39937,
issue_pr_analysis-017,1,graph,graph,graph,0.95,False,"[""graph""]",True,1,0,0.292334,
issue_pr_analysis-008,1,graph,graph,graph,0.95,False,"[""graph""]",True,1,0,0.661242,
issue_pr_analysis-046,1,graph,graph,graph,0.95,False,"[""graph""]",True,1,0,0.162011,
issue_pr_analysis-030,1,graph,graph,graph,0.95,True,"[""graph""]",True,1,0,175.863103,
issue_pr_analysis-043,1,graph,graph,graph,0.95,False,"[""graph""]",True,1,0,0.190073,
issue_pr_analysis-040,1,graph,graph,graph,0.95,False,"[""graph""]",True,20,0,0.514775,
issue_pr_analysis-002,1,graph,graph,graph,0.95,False,"[""graph""]",True,1,0,0.159059,
issue_pr_analysis-024,1,graph,graph,graph,0.95,False,"[""graph""]",True,20,0,0.869237,
issue_pr_analysis-032,1,graph,graph,graph,0.95,False,"[""graph""]",True,1,0,0.224326,
documentation_lookup-027,1,vector,hybrid,hybrid,0.95,False,"[""graph"", ""vector""]",True,1,10,0.804733,
documentation_lookup-003,1,vector,hybrid,hybrid,0.95,False,"[""graph"", ""vector""]",True,1,10,0.328479,
documentation_lookup-002,1,vector,hybrid,hybrid,0.95,False,"[""graph"", ""vector""]",True,1,10,0.787812,
multi_hop-006,1,hybrid,hybrid,hybrid,0.95,False,"[""graph"", ""vector""]",True,1,10,0.518995,
multi_hop-050,1,hybrid,hybrid,hybrid,0.95,False,"[""graph"", ""vector""]",True,3,10,0.279799,
multi_hop-008,1,hybrid,hybrid,hybrid,0.95,False,"[""graph"", ""vector""]",True,2,10,1.093463,
multi_hop-048,1,hybrid,hybrid,hybrid,0.95,False,"[""graph"", ""vector""]",True,49,10,0.875723,
multi_hop-049,1,hybrid,hybrid,hybrid,0.95,False,"[""graph"", ""vector""]",True,7,10,1.342006,
multi_hop-023,1,hybrid,hybrid,hybrid,0.95,False,"[""graph"", ""vector""]",True,2,10,0.520989,
multi_hop-037,1,hybrid,hybrid,hybrid,0.95,False,"[""graph"", ""vector""]",True,1,10,0.270509,
multi_hop-038,1,hybrid,hybrid,hybrid,0.95,False,"[""graph"", ""vector""]",True,2,10,0.591255,
multi_hop-002,1,hybrid,hybrid,hybrid,0.95,False,"[""graph"", ""vector""]",True,6,10,0.272003,
multi_hop-020,1,hybrid,hybrid,hybrid,0.95,False,"[""graph"", ""vector""]",True,1,10,0.226548,
multi_hop-011,1,hybrid,hybrid,hybrid,0.95,False,"[""graph"", ""vector""]",True,1,10,0.323812,
multi_hop-025,1,hybrid,hybrid,hybrid,0.95,False,"[""graph"", ""vector""]",True,2,10,0.527946,
multi_hop-046,1,hybrid,hybrid,hybrid,0.95,False,"[""graph"", ""vector""]",True,12,10,0.31208,
multi_hop-014,1,hybrid,hybrid,hybrid,0.95,False,"[""graph"", ""vector""]",True,27,10,0.301964,
multi_hop-007,1,hybrid,hybrid,hybrid,0.95,False,"[""graph"", ""vector""]",True,10,10,0.616117,
dependency_analysis-038,1,graph,graph,graph,0.95,False,"[""graph""]",True,1,0,0.444386,
dependency_analysis-021,1,graph,graph,graph,0.95,False,"[""graph""]",True,3,0,0.509501,
dependency_analysis-020,1,graph,graph,graph,0.95,False,"[""graph""]",True,3,0,0.523071,
dependency_analysis-011,1,graph,graph,graph,0.95,False,"[""graph""]",True,3,0,0.287529,
dependency_analysis-015,1,graph,graph,graph,0.95,False,"[""graph""]",True,2,0,0.224703,
dependency_analysis-005,1,graph,graph,graph,0.95,False,"[""graph""]",True,14,0,0.49492,
dependency_analysis-024,1,graph,graph,graph,0.95,False,"[""graph""]",True,4,0,0.203745,
dependency_analysis-022,1,graph,graph,graph,0.95,False,"[""graph""]",True,1,0,0.205976,
dependency_analysis-013,1,graph,graph,graph,0.95,False,"[""graph""]",True,1,0,0.193311,
dependency_analysis-008,1,graph,graph,graph,0.95,False,"[""graph""]",True,1,0,0.294947,
dependency_analysis-034,1,graph,graph,graph,0.95,False,"[""graph""]",True,3,0,0.321625,
issue_pr_analysis-011,1,graph,graph,graph,0.95,False,"[""graph""]",True,1,0,0.524336,
issue_pr_analysis-003,1,graph,graph,graph,0.95,False,"[""graph""]",True,1,0,0.156304,
issue_pr_analysis-047,1,graph,graph,graph,0.95,False,"[""graph""]",True,1,0,0.177652,
issue_pr_analysis-013,1,graph,graph,graph,0.95,False,"[""graph""]",True,1,0,0.187926,
issue_pr_analysis-018,1,graph,graph,graph,0.95,False,"[""graph""]",True,1,0,0.173716,
issue_pr_analysis-041,1,graph,graph,graph,0.95,False,"[""graph""]",True,1,0,0.176778,
issue_pr_analysis-048,1,graph,graph,graph,0.95,False,"[""graph""]",True,1,0,0.199594,
issue_pr_analysis-019,1,graph,graph,graph,0.95,False,"[""graph""]",True,1,0,0.404794,
issue_pr_analysis-025,1,graph,graph,graph,0.95,False,"[""graph""]",True,1,0,0.195356,
issue_pr_analysis-034,1,graph,graph,graph,0.95,False,"[""graph""]",True,1,0,0.180168,
